v 0.213702 0.075264 -0.427973
v 0.211929 0.074209 -0.424887
v 0.210811 0.074628 -0.425565
v 0.212957 0.075449 -0.428087
v 0.215057 0.076695 -0.430182
v 0.212778 0.076945 -0.427820
v 0.214101 0.077338 -0.427506
v 0.215652 0.076675 -0.430415
v 0.214356 0.075406 -0.427826
v 0.213336 0.074256 -0.424335
v 0.214921 0.076627 -0.426787
v 0.215728 0.076557 -0.429864
v 0.210513 0.073923 -0.421797
v 0.209153 0.074589 -0.418092
v 0.207800 0.075156 -0.419029
v 0.209133 0.074510 -0.422520
v 0.212194 0.073928 -0.421095
v 0.210737 0.074911 -0.417137
v 0.209666 0.077747 -0.423949
v 0.211553 0.077786 -0.422617
v 0.213660 0.077167 -0.421912
v 0.207194 0.075938 -0.419364
v 0.208533 0.075209 -0.422853
v 0.210535 0.075100 -0.426019
v 0.213241 0.075680 -0.428643
v 0.214097 0.075549 -0.428550
v 0.214979 0.075547 -0.427849
v 0.214167 0.074615 -0.424178
v 0.213216 0.074517 -0.420651
v 0.211697 0.075785 -0.416606
v 0.207167 0.076869 -0.419234
v 0.208495 0.075953 -0.422807
v 0.210842 0.075569 -0.426342
v 0.213728 0.075890 -0.429087
v 0.214482 0.075820 -0.428973
v 0.215199 0.075815 -0.428315
v 0.214271 0.075111 -0.424638
v 0.213322 0.075143 -0.420502
v 0.211793 0.076504 -0.416503
v 0.194676 0.074081 -0.385734
v 0.194433 0.073529 -0.383700
v 0.191753 0.074359 -0.384417
v 0.192394 0.074820 -0.386283
v 0.192192 0.080859 -0.383941
v 0.192672 0.080303 -0.386047
v 0.191265 0.077959 -0.386752
v 0.190479 0.078744 -0.384916
v 0.198349 0.079978 -0.388360
v 0.197301 0.079931 -0.385283
v 0.198516 0.077622 -0.385643
v 0.199443 0.077596 -0.388336
v 0.194937 0.081500 -0.383106
v 0.195192 0.081109 -0.385574
v 0.200079 0.073740 -0.397017
v 0.196991 0.075161 -0.398435
v 0.199104 0.075466 -0.400238
v 0.201237 0.073758 -0.399403
v 0.199464 0.080642 -0.400877
v 0.203403 0.079332 -0.407466
v 0.202301 0.077608 -0.407811
v 0.198191 0.077784 -0.401134
v 0.201740 0.081784 -0.400137
v 0.204820 0.080055 -0.406941
v 0.205992 0.079103 -0.406544
v 0.203492 0.080317 -0.399322
v 0.204298 0.077632 -0.398906
v 0.206812 0.077286 -0.406219
v 0.196931 0.074666 -0.385589
v 0.196213 0.074156 -0.388969
v 0.198379 0.074894 -0.388626
v 0.203784 0.074541 -0.399307
v 0.202746 0.074773 -0.395709
v 0.197531 0.080051 -0.383448
v 0.198862 0.081670 -0.393878
v 0.200238 0.082491 -0.396929
v 0.197854 0.081318 -0.398052
v 0.196880 0.080638 -0.394923
v 0.200947 0.080413 -0.393095
v 0.202443 0.080962 -0.396088
v 0.202134 0.077579 -0.392815
v 0.203882 0.077809 -0.395447
v 0.200792 0.075043 -0.393480
v 0.198771 0.074643 -0.394427
v 0.196640 0.075392 -0.394897
v 0.196637 0.077962 -0.398557
v 0.195937 0.077959 -0.395267
v 0.196632 0.081220 -0.388807
v 0.194567 0.080182 -0.389553
v 0.194354 0.075163 -0.389805
v 0.193623 0.077894 -0.390217
v 0.202799 0.075485 -0.407484
v 0.204467 0.074914 -0.407131
v 0.206100 0.075297 -0.406509
v 0.199234 0.077565 -0.384891
v 0.196939 0.074048 -0.383565
v 0.207044 0.073710 -0.412909
v 0.208993 0.074422 -0.412000
v 0.206135 0.080673 -0.414715
v 0.204441 0.077468 -0.415285
v 0.208101 0.080867 -0.413535
v 0.209486 0.079870 -0.412618
v 0.210045 0.077429 -0.411814
v 0.205096 0.075047 -0.414123
v 0.190217 0.076312 -0.385099
v 0.191212 0.076213 -0.386709
v 0.193543 0.076387 -0.390252
v 0.195814 0.076479 -0.395190
v 0.196399 0.076408 -0.398613
v 0.198170 0.076442 -0.400789
v 0.202137 0.076412 -0.407767
v 0.204479 0.076188 -0.414765
v 0.206946 0.076306 -0.406191
v 0.209868 0.076200 -0.411718
v 0.204578 0.076130 -0.398978
v 0.203925 0.076121 -0.395361
v 0.202007 0.076155 -0.392985
v 0.199485 0.076155 -0.388423
v 0.198288 0.075980 -0.385678
v 0.198718 0.075601 -0.384374
v 0.207829 0.078248 -0.418313
v 0.206639 0.079739 -0.416467
v 0.208982 0.080025 -0.415214
v 0.209694 0.078789 -0.417126
v 0.205420 0.077029 -0.417171
v 0.205498 0.075947 -0.417033
v 0.206165 0.074996 -0.416631
v 0.208051 0.073707 -0.415604
v 0.210089 0.074375 -0.414554
v 0.211011 0.076038 -0.414122
v 0.211131 0.077049 -0.414103
v 0.211289 0.077969 -0.416348
v 0.210518 0.079004 -0.414316
v 0.214931 0.076586 -0.430003
v 0.214828 0.076436 -0.429832
v 0.212287 0.076516 -0.427261
v 0.212474 0.076775 -0.427545
v 0.214712 0.076363 -0.429723
v 0.212282 0.076434 -0.427285
v 0.215480 0.076513 -0.430147
v 0.215422 0.076452 -0.430016
v 0.215592 0.076597 -0.430335
v 0.215445 0.076324 -0.429522
v 0.215378 0.076254 -0.429368
v 0.215592 0.076459 -0.429680
v 0.214513 0.076202 -0.426405
v 0.214479 0.076102 -0.426333
v 0.214778 0.076435 -0.426599
v 0.209588 0.076998 -0.423054
v 0.209551 0.077386 -0.423436
v 0.209103 0.076930 -0.422292
v 0.212886 0.076597 -0.420123
v 0.212854 0.076547 -0.420028
v 0.213316 0.076978 -0.420926
v 0.210814 0.077849 -0.420546
v 0.210878 0.077798 -0.420753
v 0.211187 0.077679 -0.421629
v 0.258939 0.075652 -0.375257
v 0.258680 0.075567 -0.375922
v 0.258267 0.075638 -0.376541
v 0.247555 0.075383 -0.367407
v 0.247512 0.074919 -0.369281
v 0.248582 0.079159 -0.367921
v 0.247481 0.079650 -0.369956
v 0.246047 0.075199 -0.370530
v 0.246282 0.078470 -0.371301
v 0.254975 0.075412 -0.372111
v 0.254287 0.075080 -0.373102
v 0.253631 0.075185 -0.374244
v 0.257284 0.075552 -0.373755
v 0.256728 0.075326 -0.374617
v 0.256243 0.075424 -0.375591
v 0.260786 0.076687 -0.377226
v 0.260932 0.076671 -0.377774
v 0.258408 0.077482 -0.376493
v 0.258753 0.077212 -0.375393
v 0.257795 0.077006 -0.377110
v 0.260430 0.076552 -0.377859
v 0.254849 0.078607 -0.374718
v 0.255869 0.078005 -0.373054
v 0.255143 0.077743 -0.376058
v 0.247859 0.076246 -0.366705
v 0.255286 0.075936 -0.371661
v 0.257628 0.075882 -0.373532
v 0.259501 0.075800 -0.375495
v 0.259139 0.075835 -0.376407
v 0.258499 0.075714 -0.377037
v 0.256092 0.075691 -0.376253
v 0.253283 0.075654 -0.375056
v 0.245476 0.076068 -0.371425
v 0.248146 0.077380 -0.366792
v 0.255290 0.076588 -0.371688
v 0.257865 0.076264 -0.373872
v 0.259898 0.075977 -0.375954
v 0.259608 0.076040 -0.376762
v 0.259052 0.075896 -0.377301
v 0.256393 0.076056 -0.376580
v 0.253276 0.076340 -0.375469
v 0.245557 0.077074 -0.371633
v 0.261307 0.074923 -0.405648
v 0.260707 0.075034 -0.406015
v 0.260431 0.075117 -0.406617
v 0.256570 0.073882 -0.400217
v 0.255643 0.073808 -0.401189
v 0.254806 0.074197 -0.402182
v 0.259228 0.074478 -0.403071
v 0.258383 0.074493 -0.403951
v 0.257697 0.074779 -0.404801
v 0.260719 0.076856 -0.405887
v 0.261351 0.076374 -0.404789
v 0.263196 0.075738 -0.407469
v 0.263238 0.075748 -0.408282
v 0.259727 0.076586 -0.406579
v 0.262455 0.075862 -0.408228
v 0.257344 0.077709 -0.402253
v 0.258867 0.077077 -0.400927
v 0.256642 0.077354 -0.404130
v 0.257295 0.074332 -0.399593
v 0.259924 0.074754 -0.402596
v 0.261862 0.074876 -0.405640
v 0.261203 0.075151 -0.406430
v 0.260505 0.075193 -0.407125
v 0.257465 0.075217 -0.405393
v 0.254311 0.074916 -0.402905
v 0.257756 0.075090 -0.399440
v 0.260284 0.075249 -0.402897
v 0.262227 0.075042 -0.406147
v 0.261750 0.075274 -0.406898
v 0.261057 0.075319 -0.407408
v 0.257855 0.075684 -0.405677
v 0.254311 0.075678 -0.403117
v 0.217712 0.073643 -0.350748
v 0.218863 0.073821 -0.359675
v 0.218002 0.081468 -0.350260
v 0.219474 0.078772 -0.359682
v 0.205526 0.071652 -0.345186
v 0.204539 0.068033 -0.352830
v 0.205880 0.080639 -0.346153
v 0.202043 0.070166 -0.358844
v 0.202987 0.085962 -0.358086
v 0.216553 0.079131 -0.368630
v 0.216838 0.073220 -0.368585
v 0.204092 0.085071 -0.355192
v 0.217734 0.084475 -0.363829
v 0.217216 0.071560 -0.363547
v 0.203326 0.068937 -0.356764
v 0.205694 0.083198 -0.348488
v 0.217417 0.083392 -0.354578
v 0.216812 0.071841 -0.354532
v 0.204921 0.068613 -0.347894
v 0.221967 0.074552 -0.363786
v 0.220534 0.073447 -0.365652
v 0.223689 0.081437 -0.362565
v 0.222018 0.084328 -0.366759
v 0.223670 0.074974 -0.365690
v 0.221915 0.074291 -0.367172
v 0.224962 0.075130 -0.372322
v 0.221171 0.074910 -0.369169
v 0.224359 0.080792 -0.364737
v 0.220917 0.079787 -0.368811
v 0.224951 0.079774 -0.372265
v 0.222106 0.083154 -0.367595
v 0.235753 0.073920 -0.380446
v 0.238401 0.074703 -0.383191
v 0.239830 0.075164 -0.382119
v 0.237338 0.074676 -0.378870
v 0.244665 0.075081 -0.387321
v 0.244921 0.079201 -0.387398
v 0.239186 0.079623 -0.381308
v 0.243773 0.080003 -0.388583
v 0.237574 0.080459 -0.382378
v 0.242809 0.079059 -0.389562
v 0.236471 0.079457 -0.383492
v 0.242392 0.075209 -0.389307
v 0.237158 0.075210 -0.384211
v 0.219462 0.074238 -0.367777
v 0.225998 0.074571 -0.371013
v 0.234307 0.074846 -0.381870
v 0.219655 0.080531 -0.368533
v 0.233063 0.081202 -0.377932
v 0.234776 0.080424 -0.376173
v 0.237850 0.080942 -0.378434
v 0.235814 0.081664 -0.380438
v 0.232109 0.079641 -0.379180
v 0.234242 0.080386 -0.381950
v 0.231873 0.075094 -0.379037
v 0.233115 0.074201 -0.378043
v 0.234262 0.074908 -0.376237
v 0.225905 0.080898 -0.370988
v 0.227320 0.079954 -0.369457
v 0.227307 0.075158 -0.369687
v 0.243447 0.074768 -0.388290
v 0.222769 0.074723 -0.353006
v 0.221888 0.073494 -0.355247
v 0.223152 0.081118 -0.353305
v 0.222114 0.082528 -0.356067
v 0.224958 0.075286 -0.354321
v 0.224228 0.074576 -0.356628
v 0.227358 0.075282 -0.360507
v 0.223773 0.075116 -0.358877
v 0.224631 0.080198 -0.354813
v 0.223500 0.080036 -0.358809
v 0.227015 0.079700 -0.360408
v 0.223835 0.081342 -0.357032
v 0.234454 0.074842 -0.362336
v 0.236256 0.074821 -0.363271
v 0.237138 0.075497 -0.361360
v 0.235507 0.075664 -0.360072
v 0.242622 0.075400 -0.364747
v 0.242930 0.078984 -0.365285
v 0.237253 0.080273 -0.361228
v 0.242384 0.079558 -0.366865
v 0.236026 0.081344 -0.363686
v 0.241593 0.078851 -0.368147
v 0.235167 0.079982 -0.365439
v 0.241229 0.075302 -0.367922
v 0.235362 0.075200 -0.365145
v 0.221459 0.074508 -0.357837
v 0.227849 0.074834 -0.358523
v 0.233355 0.075242 -0.364508
v 0.221459 0.080945 -0.358449
v 0.232034 0.080849 -0.361284
v 0.232935 0.079936 -0.359283
v 0.235512 0.080791 -0.360000
v 0.234083 0.082494 -0.362772
v 0.231378 0.079718 -0.362845
v 0.233117 0.080698 -0.364789
v 0.231064 0.075181 -0.362734
v 0.232317 0.074661 -0.360974
v 0.233235 0.075423 -0.358871
v 0.227498 0.080799 -0.358833
v 0.228333 0.079894 -0.356878
v 0.228714 0.075525 -0.356631
v 0.242014 0.074977 -0.366343
v 0.219815 0.081276 -0.358726
v 0.219698 0.073945 -0.357903
v 0.219538 0.072215 -0.354613
v 0.220345 0.074166 -0.351877
v 0.221191 0.082479 -0.351134
v 0.220305 0.083957 -0.354980
v 0.220856 0.085154 -0.365054
v 0.221934 0.081095 -0.361105
v 0.220490 0.074270 -0.361992
v 0.219351 0.072728 -0.364789
v 0.218435 0.074014 -0.367719
v 0.218101 0.081487 -0.368312
v 0.212786 0.082930 -0.366326
v 0.213308 0.072779 -0.366317
v 0.213873 0.072860 -0.362090
v 0.215516 0.072971 -0.359210
v 0.214634 0.071431 -0.353891
v 0.215047 0.073129 -0.349391
v 0.215253 0.081090 -0.349206
v 0.214745 0.082645 -0.353879
v 0.215613 0.082750 -0.358461
v 0.213686 0.084257 -0.362638
v 0.193713 0.085383 -0.349549
v 0.195912 0.084850 -0.347484
v 0.194120 0.070668 -0.345904
v 0.191875 0.070595 -0.348138
v 0.205044 0.084453 -0.351810
v 0.215942 0.082255 -0.366849
v 0.218987 0.082616 -0.360238
v 0.215655 0.081884 -0.367957
v 0.217769 0.081300 -0.358348
v 0.219431 0.081334 -0.359205
v 0.216959 0.072540 -0.366741
v 0.217890 0.074334 -0.369699
v 0.217660 0.073114 -0.358107
v 0.218421 0.073282 -0.360873
v 0.220009 0.074782 -0.360022
v 0.205690 0.074640 -0.344491
v 0.215231 0.075954 -0.347343
v 0.218368 0.076043 -0.348611
v 0.221367 0.076009 -0.349955
v 0.223499 0.076183 -0.351552
v 0.225393 0.076432 -0.353259
v 0.229060 0.076572 -0.355770
v 0.233502 0.076477 -0.358001
v 0.235909 0.076686 -0.359118
v 0.237497 0.076463 -0.360534
v 0.242982 0.076380 -0.363948
v 0.240830 0.076211 -0.368837
v 0.235693 0.076338 -0.366448
v 0.232766 0.076578 -0.365592
v 0.230531 0.076344 -0.363661
v 0.226972 0.076382 -0.361451
v 0.223422 0.076212 -0.359965
v 0.221617 0.076051 -0.359187
v 0.220963 0.076172 -0.359485
v 0.220723 0.076799 -0.360581
v 0.221841 0.076303 -0.362161
v 0.222456 0.076194 -0.363235
v 0.224706 0.076315 -0.364992
v 0.228094 0.076395 -0.368808
v 0.235176 0.076461 -0.375187
v 0.238440 0.076519 -0.377752
v 0.240643 0.076293 -0.381357
v 0.245429 0.076048 -0.386691
v 0.241764 0.076198 -0.389888
v 0.236714 0.076303 -0.385110
v 0.233580 0.076483 -0.382613
v 0.231100 0.076273 -0.379624
v 0.224359 0.076267 -0.373012
v 0.220718 0.076107 -0.370467
v 0.219533 0.075704 -0.370045
v 0.219013 0.075497 -0.370279
v 0.218709 0.075656 -0.371157
v 0.205798 0.077296 -0.344799
v 0.215222 0.078377 -0.347445
v 0.218473 0.078552 -0.348655
v 0.221629 0.078397 -0.349895
v 0.223590 0.078374 -0.351627
v 0.225379 0.078063 -0.353416
v 0.228977 0.077883 -0.355840
v 0.233424 0.077649 -0.358044
v 0.235884 0.077795 -0.359089
v 0.237527 0.077555 -0.360452
v 0.243086 0.077682 -0.364112
v 0.240919 0.077502 -0.368930
v 0.235728 0.077682 -0.366519
v 0.232821 0.077608 -0.365445
v 0.230605 0.077671 -0.363650
v 0.226896 0.077831 -0.361449
v 0.223500 0.077743 -0.359916
v 0.222332 0.077975 -0.359915
v 0.221999 0.078026 -0.360811
v 0.222070 0.077979 -0.361717
v 0.221781 0.077766 -0.362127
v 0.223297 0.077740 -0.363677
v 0.224522 0.077811 -0.364820
v 0.228173 0.077848 -0.368696
v 0.235420 0.077847 -0.375103
v 0.238711 0.077824 -0.377490
v 0.240315 0.077628 -0.380929
v 0.245468 0.077482 -0.386612
v 0.241820 0.077559 -0.389936
v 0.236479 0.077569 -0.384839
v 0.233575 0.077742 -0.382581
v 0.231191 0.077603 -0.379638
v 0.224332 0.077669 -0.373016
v 0.220819 0.077457 -0.370542
v 0.219929 0.077060 -0.370521
v 0.219534 0.077114 -0.370950
v 0.218880 0.077317 -0.371284
v 0.195173 0.068833 -0.350861
v 0.195744 0.085677 -0.351490
v 0.196671 0.085232 -0.349714
v 0.196397 0.068306 -0.348983
v 0.191805 0.084928 -0.347741
v 0.195400 0.084069 -0.344835
v 0.197810 0.081907 -0.343235
v 0.198901 0.078990 -0.342354
v 0.197808 0.075773 -0.341878
v 0.196809 0.073539 -0.342269
v 0.195229 0.072048 -0.343513
v 0.249934 0.078405 -0.392462
v 0.250207 0.076925 -0.391590
v 0.250082 0.075810 -0.391608
v 0.249505 0.075011 -0.392433
v 0.247127 0.075192 -0.394076
v 0.246393 0.076093 -0.394488
v 0.246552 0.077234 -0.394652
v 0.247780 0.078520 -0.394820
v 0.249268 0.079887 -0.394288
v 0.252409 0.078533 -0.397405
v 0.253891 0.077596 -0.396136
v 0.254633 0.075815 -0.396298
v 0.254523 0.074845 -0.396546
v 0.253862 0.074162 -0.397266
v 0.252864 0.074008 -0.398222
v 0.251782 0.074506 -0.398982
v 0.251235 0.075405 -0.399533
v 0.251212 0.076280 -0.399553
v 0.251482 0.077754 -0.398820
v 0.250897 0.079923 -0.395813
v 0.252434 0.079341 -0.394483
v 0.253308 0.076832 -0.393658
v 0.253134 0.075822 -0.393740
v 0.251975 0.074880 -0.394739
v 0.250723 0.074661 -0.395909
v 0.249202 0.075063 -0.397344
v 0.248632 0.076158 -0.397878
v 0.248633 0.077022 -0.397969
v 0.249473 0.079038 -0.397126
v 0.250295 0.079001 -0.372033
v 0.251679 0.078246 -0.370377
v 0.252564 0.076932 -0.369931
v 0.252633 0.075986 -0.369987
v 0.252306 0.075294 -0.370532
v 0.251612 0.074888 -0.371575
v 0.250720 0.075037 -0.372796
v 0.250223 0.075735 -0.373673
v 0.249998 0.076624 -0.373881
v 0.249533 0.078160 -0.373462
v 0.248903 0.079713 -0.370960
v 0.250200 0.079336 -0.368638
v 0.250899 0.077668 -0.367683
v 0.250895 0.076619 -0.367568
v 0.250137 0.075367 -0.368855
v 0.249329 0.074835 -0.370298
v 0.248309 0.075143 -0.371963
v 0.247687 0.076108 -0.373058
v 0.247595 0.076967 -0.373283
v 0.247761 0.078655 -0.372737
v 0.236770 0.075531 -0.428658
v 0.237733 0.075263 -0.428308
v 0.238250 0.075269 -0.427557
v 0.225823 0.075547 -0.413472
v 0.227384 0.074900 -0.413046
v 0.226742 0.080283 -0.414804
v 0.228773 0.080307 -0.413582
v 0.228440 0.075236 -0.411538
v 0.230414 0.078868 -0.412125
v 0.232275 0.074547 -0.423532
v 0.233766 0.073837 -0.422613
v 0.235299 0.073741 -0.421656
v 0.234291 0.074960 -0.426571
v 0.235553 0.074429 -0.425612
v 0.236889 0.074427 -0.425126
v 0.239580 0.076687 -0.430762
v 0.240236 0.076671 -0.430930
v 0.238168 0.077440 -0.428061
v 0.236756 0.077105 -0.428587
v 0.238877 0.076782 -0.427134
v 0.240223 0.076552 -0.430331
v 0.234973 0.077718 -0.423422
v 0.233038 0.077854 -0.424680
v 0.236800 0.077012 -0.422381
v 0.225133 0.076441 -0.413719
v 0.231704 0.075235 -0.423805
v 0.234050 0.075448 -0.427043
v 0.237232 0.075750 -0.429303
v 0.238136 0.075529 -0.429025
v 0.238954 0.075526 -0.427943
v 0.237728 0.074723 -0.425039
v 0.236097 0.074220 -0.421076
v 0.229289 0.076181 -0.410864
v 0.225258 0.077891 -0.414011
v 0.231679 0.075882 -0.423620
v 0.234442 0.075899 -0.427334
v 0.237931 0.075961 -0.429782
v 0.238737 0.075894 -0.429629
v 0.239398 0.075851 -0.428713
v 0.238041 0.075223 -0.425217
v 0.236124 0.074823 -0.420857
v 0.229829 0.077354 -0.410931
v 0.254827 0.074690 -0.424536
v 0.254892 0.074505 -0.423798
v 0.255673 0.074760 -0.423231
v 0.249589 0.073782 -0.419322
v 0.250931 0.073661 -0.418306
v 0.252293 0.074117 -0.417181
v 0.252148 0.074317 -0.422422
v 0.252974 0.074039 -0.421481
v 0.254207 0.074319 -0.420685
v 0.255648 0.076880 -0.423994
v 0.254411 0.076394 -0.424621
v 0.257176 0.075737 -0.426824
v 0.258025 0.075748 -0.427004
v 0.256414 0.076581 -0.422969
v 0.257999 0.075862 -0.426176
v 0.252450 0.077952 -0.419307
v 0.250521 0.077407 -0.420859
v 0.254171 0.077656 -0.418199
v 0.248759 0.074441 -0.419854
v 0.251886 0.074637 -0.423187
v 0.255105 0.074825 -0.425226
v 0.255950 0.074893 -0.424929
v 0.256500 0.075060 -0.423686
v 0.254919 0.074838 -0.420544
v 0.252772 0.075035 -0.416602
v 0.248661 0.075137 -0.419825
v 0.252738 0.074912 -0.423645
v 0.255718 0.075039 -0.425694
v 0.256447 0.075110 -0.425499
v 0.257088 0.075292 -0.424531
v 0.255404 0.075424 -0.420930
v 0.252988 0.075942 -0.416700
v 0.200818 0.072940 -0.375201
v 0.209234 0.073114 -0.374546
v 0.201623 0.083417 -0.375063
v 0.210035 0.079837 -0.374567
v 0.194129 0.070937 -0.364014
v 0.198231 0.071429 -0.360932
v 0.194241 0.085182 -0.362852
v 0.201110 0.086433 -0.359982
v 0.213402 0.085298 -0.372815
v 0.212282 0.071064 -0.371889
v 0.200417 0.070944 -0.359948
v 0.196368 0.086012 -0.361874
v 0.203748 0.084242 -0.374647
v 0.203644 0.072496 -0.374399
v 0.196066 0.071382 -0.362381
v 0.214653 0.074279 -0.377057
v 0.216978 0.073701 -0.375775
v 0.214389 0.080641 -0.377381
v 0.216867 0.082126 -0.376047
v 0.216704 0.074826 -0.379066
v 0.218892 0.074329 -0.378043
v 0.225055 0.074764 -0.383248
v 0.220854 0.074933 -0.377706
v 0.215801 0.080209 -0.379070
v 0.220180 0.079980 -0.376967
v 0.224989 0.079992 -0.383302
v 0.218399 0.081231 -0.377646
v 0.231161 0.074678 -0.393379
v 0.232870 0.074691 -0.395565
v 0.231342 0.075121 -0.396775
v 0.229356 0.075147 -0.394860
v 0.237610 0.075242 -0.404179
v 0.237538 0.079208 -0.404172
v 0.231145 0.079672 -0.396894
v 0.238939 0.080007 -0.403137
v 0.232915 0.080583 -0.395436
v 0.240149 0.079114 -0.402267
v 0.234353 0.079629 -0.394327
v 0.240230 0.075238 -0.402265
v 0.234240 0.075165 -0.394468
v 0.218313 0.074388 -0.374231
v 0.223672 0.074103 -0.383927
v 0.232697 0.075107 -0.392249
v 0.218463 0.080352 -0.375092
v 0.228801 0.080766 -0.390402
v 0.227111 0.079833 -0.391792
v 0.228683 0.080811 -0.395542
v 0.231432 0.081789 -0.393195
v 0.230041 0.079647 -0.389476
v 0.233204 0.080783 -0.391747
v 0.230206 0.075039 -0.389578
v 0.228953 0.074510 -0.390606
v 0.227261 0.074982 -0.391925
v 0.223857 0.081271 -0.383973
v 0.222427 0.080204 -0.385106
v 0.222054 0.074641 -0.385097
v 0.238982 0.074909 -0.403182
v 0.203090 0.074370 -0.381726
v 0.205282 0.072486 -0.379974
v 0.203350 0.080997 -0.381345
v 0.206814 0.084552 -0.380303
v 0.206569 0.075161 -0.384556
v 0.208403 0.074238 -0.383472
v 0.213457 0.075036 -0.387978
v 0.210664 0.074878 -0.383241
v 0.206407 0.080473 -0.384142
v 0.211074 0.080171 -0.382910
v 0.213337 0.080031 -0.387764
v 0.209338 0.081765 -0.383380
v 0.217314 0.073125 -0.397203
v 0.219738 0.074548 -0.400846
v 0.217278 0.074885 -0.401558
v 0.215008 0.074483 -0.398878
v 0.222396 0.075567 -0.407692
v 0.222651 0.079618 -0.407457
v 0.218314 0.080716 -0.401652
v 0.224041 0.080137 -0.406653
v 0.219903 0.081907 -0.400674
v 0.225290 0.079168 -0.405918
v 0.221450 0.080088 -0.399834
v 0.225051 0.075261 -0.406132
v 0.221800 0.075051 -0.400794
v 0.208857 0.073856 -0.379281
v 0.211626 0.074340 -0.388518
v 0.220025 0.074641 -0.395975
v 0.209416 0.080804 -0.379495
v 0.216011 0.081414 -0.394230
v 0.214701 0.079772 -0.395613
v 0.216235 0.081232 -0.399507
v 0.218138 0.082792 -0.397684
v 0.217457 0.080111 -0.393615
v 0.220355 0.080682 -0.396691
v 0.216348 0.074819 -0.392308
v 0.215064 0.074191 -0.393828
v 0.213599 0.075297 -0.395210
v 0.211741 0.081324 -0.388229
v 0.209856 0.080318 -0.389077
v 0.209735 0.075268 -0.389421
v 0.223674 0.074878 -0.406953
v 0.208479 0.082897 -0.376796
v 0.208723 0.073520 -0.376511
v 0.204072 0.071513 -0.377394
v 0.201246 0.073525 -0.379413
v 0.201918 0.082381 -0.379349
v 0.205265 0.085823 -0.377944
v 0.215658 0.082788 -0.374729
v 0.212929 0.081469 -0.375926
v 0.212720 0.073690 -0.375723
v 0.214993 0.072070 -0.373842
v 0.217221 0.073704 -0.371886
v 0.217576 0.081477 -0.372870
v 0.209347 0.072783 -0.368444
v 0.206067 0.073024 -0.370521
v 0.202286 0.073317 -0.370871
v 0.199702 0.073508 -0.371757
v 0.199923 0.084655 -0.371670
v 0.202779 0.085018 -0.371521
v 0.207178 0.082743 -0.371593
v 0.209930 0.084636 -0.369340
v 0.192638 0.085552 -0.352478
v 0.190621 0.069799 -0.351416
v 0.198737 0.086543 -0.361054
v 0.215693 0.083307 -0.370437
v 0.209524 0.082076 -0.373199
v 0.207848 0.082267 -0.373715
v 0.209660 0.081401 -0.373900
v 0.215440 0.072445 -0.369837
v 0.207166 0.073034 -0.374018
v 0.209999 0.072587 -0.373745
v 0.210680 0.074079 -0.375847
v 0.201875 0.075722 -0.382781
v 0.203150 0.076046 -0.383437
v 0.205860 0.076433 -0.385195
v 0.208931 0.076448 -0.389813
v 0.212906 0.076383 -0.395774
v 0.214287 0.076139 -0.399740
v 0.216760 0.076127 -0.401889
v 0.221843 0.076497 -0.407998
v 0.225894 0.076269 -0.405612
v 0.222727 0.076238 -0.400342
v 0.221429 0.075724 -0.395123
v 0.217485 0.076143 -0.391801
v 0.214380 0.076336 -0.387636
v 0.211934 0.076206 -0.383252
v 0.210984 0.075751 -0.380546
v 0.211109 0.075473 -0.378833
v 0.211842 0.075589 -0.378229
v 0.212527 0.075644 -0.378024
v 0.213512 0.075965 -0.378547
v 0.215178 0.076295 -0.379939
v 0.221113 0.076231 -0.385945
v 0.226059 0.076345 -0.392806
v 0.227629 0.076614 -0.396336
v 0.230220 0.076372 -0.397658
v 0.236681 0.076326 -0.404841
v 0.240996 0.076226 -0.401690
v 0.235229 0.076258 -0.393720
v 0.233985 0.076185 -0.391388
v 0.230926 0.076213 -0.388879
v 0.225717 0.076117 -0.382851
v 0.221813 0.076144 -0.377283
v 0.218917 0.075837 -0.373790
v 0.218463 0.075553 -0.372097
v 0.202479 0.077788 -0.383216
v 0.203434 0.077813 -0.383417
v 0.205825 0.077970 -0.385118
v 0.208978 0.077845 -0.389737
v 0.213096 0.077734 -0.396019
v 0.214356 0.077916 -0.400215
v 0.217252 0.077730 -0.401968
v 0.221996 0.077820 -0.407879
v 0.226013 0.077631 -0.405514
v 0.222702 0.077887 -0.399803
v 0.221631 0.078035 -0.395231
v 0.218040 0.077994 -0.392240
v 0.214420 0.078022 -0.387619
v 0.212090 0.077988 -0.383302
v 0.211449 0.077721 -0.381246
v 0.211559 0.077654 -0.380019
v 0.212349 0.077699 -0.379548
v 0.212941 0.077746 -0.379086
v 0.213608 0.077749 -0.379112
v 0.215093 0.077729 -0.380025
v 0.221310 0.077514 -0.385890
v 0.226046 0.077469 -0.392759
v 0.227544 0.077703 -0.396432
v 0.230135 0.077423 -0.397721
v 0.236710 0.077256 -0.404807
v 0.241001 0.077518 -0.401667
v 0.235425 0.077793 -0.393640
v 0.234347 0.078017 -0.391044
v 0.230905 0.077831 -0.388740
v 0.225664 0.077655 -0.382894
v 0.221770 0.077751 -0.377269
v 0.218914 0.077658 -0.373967
v 0.218402 0.077353 -0.372087
v 0.194910 0.085838 -0.353147
v 0.188445 0.084598 -0.351731
v 0.186799 0.083751 -0.353546
v 0.185889 0.070803 -0.355628
v 0.188022 0.070212 -0.353514
v 0.194227 0.069305 -0.352685
v 0.242828 0.078759 -0.410998
v 0.242368 0.076577 -0.411263
v 0.242350 0.075811 -0.411239
v 0.243129 0.075017 -0.410557
v 0.244261 0.074868 -0.409619
v 0.245379 0.075273 -0.408717
v 0.246151 0.076242 -0.408128
v 0.246294 0.077543 -0.408077
v 0.245689 0.079161 -0.408622
v 0.244276 0.080680 -0.409914
v 0.247386 0.079025 -0.413821
v 0.246158 0.077875 -0.414735
v 0.245842 0.076031 -0.415222
v 0.245865 0.075244 -0.415210
v 0.246591 0.074456 -0.414640
v 0.247627 0.074340 -0.413835
v 0.248578 0.074850 -0.413118
v 0.249248 0.075848 -0.412758
v 0.249238 0.076654 -0.412804
v 0.248615 0.078266 -0.412937
v 0.245936 0.080774 -0.412093
v 0.244347 0.079457 -0.413267
v 0.243847 0.076691 -0.413581
v 0.243974 0.075756 -0.413389
v 0.244771 0.074917 -0.412751
v 0.246023 0.074812 -0.411753
v 0.247058 0.075290 -0.410786
v 0.247833 0.076299 -0.410198
v 0.248129 0.077614 -0.410171
v 0.247661 0.079870 -0.410736
v 0.231502 0.079384 -0.417552
v 0.229738 0.078971 -0.418792
v 0.229331 0.076849 -0.419399
v 0.229348 0.075870 -0.419520
v 0.229837 0.075126 -0.419296
v 0.231097 0.074478 -0.418637
v 0.232394 0.074579 -0.417902
v 0.233138 0.075292 -0.417351
v 0.233288 0.076293 -0.417096
v 0.232910 0.077738 -0.416761
v 0.230241 0.080013 -0.415531
v 0.228255 0.079971 -0.416814
v 0.227272 0.077634 -0.417267
v 0.227246 0.076295 -0.417151
v 0.227802 0.075452 -0.416821
v 0.229173 0.074849 -0.415937
v 0.230354 0.075206 -0.414797
v 0.231250 0.075959 -0.414117
v 0.231748 0.076976 -0.413924
v 0.231886 0.078723 -0.414097
v 0.187638 0.084297 -0.344432
v 0.190536 0.083722 -0.341899
v 0.184705 0.083437 -0.346776
v 0.181988 0.081366 -0.348672
v 0.180864 0.078864 -0.349036
v 0.180373 0.077034 -0.348608
v 0.180677 0.075388 -0.348535
v 0.182452 0.073803 -0.348026
v 0.187012 0.072278 -0.344689
v 0.191151 0.073152 -0.340985
v 0.192569 0.074699 -0.339728
v 0.193653 0.076754 -0.338929
v 0.194332 0.079072 -0.339119
v 0.193428 0.081583 -0.340226
v 0.184561 0.072765 -0.346713
v 0.189276 0.072442 -0.342785
v 0.186692 0.072376 -0.348862
v 0.184178 0.073514 -0.350693
v 0.181824 0.075292 -0.351933
v 0.180894 0.077446 -0.351998
v 0.181550 0.079324 -0.351776
v 0.183206 0.082170 -0.350826
v 0.186301 0.083897 -0.348739
v 0.189433 0.084528 -0.346092
v 0.192487 0.083842 -0.343310
v 0.195792 0.081765 -0.341764
v 0.196662 0.079232 -0.340889
v 0.195657 0.076320 -0.340355
v 0.194500 0.074366 -0.341394
v 0.193089 0.072802 -0.342754
v 0.191328 0.072068 -0.344648
v 0.189148 0.071841 -0.346540
v 0.813691 0.094019 -0.193264
v 0.813697 0.093741 -0.193267
v 0.759881 0.094035 -0.095749
v 0.759885 0.093243 -0.095765
v 0.533567 0.094048 0.063205
v 0.525753 0.091480 0.066086
v 0.524171 0.091088 0.070495
v 0.531363 0.093871 0.068891
v 0.534497 0.094085 0.073040
v 0.527445 0.090454 0.074026
v 0.983320 0.093567 0.005920
v 0.983297 0.093971 0.005898
v 0.842239 0.093062 0.075359
v 0.842224 0.093950 0.075287
v 0.653525 0.094020 -0.002525
v 0.647066 0.094000 -0.000922
v 0.647099 0.092757 -0.000933
v 0.653575 0.092172 -0.002542
v 0.687201 0.091666 0.088194
v 0.680607 0.092149 0.089797
v 0.680656 0.093957 0.089645
v 0.687249 0.093978 0.087996
v 0.694037 0.093985 0.089228
v 0.693992 0.092253 0.089382
v 0.656138 0.092794 -0.007058
v 0.656106 0.094003 -0.007047
v 0.791254 0.093832 0.081141
v 0.791254 0.092515 0.081141
v 0.725265 0.092996 -0.061289
v 0.725289 0.094024 -0.066182
v 0.742428 0.094118 0.084636
v 0.742428 0.092175 0.084636
v 0.691579 0.092838 -0.033332
v 0.690698 0.094013 -0.036615
v 0.795765 0.093576 -0.160764
v 0.950045 0.093437 0.028059
v 0.950024 0.093966 0.028024
v 0.795754 0.094025 -0.160759
v 0.782123 0.094029 -0.136055
v 0.926554 0.093962 0.043630
v 0.926575 0.093346 0.043674
v 0.782310 0.093443 -0.135314
v 0.671018 0.092475 0.046202
v 0.713091 0.092718 0.033960
v 0.750332 0.092956 0.021685
v 0.785231 0.093191 0.009051
v 0.827619 0.093417 -0.018283
v 0.846439 0.093550 -0.033436
v 0.868361 0.093749 -0.054186
v 0.868345 0.094095 -0.054196
v 0.846424 0.094045 -0.033452
v 0.827811 0.094010 -0.018472
v 0.784575 0.093992 0.009461
v 0.750319 0.093992 0.021654
v 0.713092 0.093993 0.033897
v 0.671027 0.093992 0.046123
v 0.646047 0.092323 0.050732
v 0.657736 0.091887 0.089407
v 0.657763 0.093819 0.089265
v 0.646056 0.093955 0.050664
v 0.629443 0.093995 0.008595
v 0.629478 0.092690 0.008583
v 0.620955 0.092186 0.054860
v 0.631001 0.091687 0.088040
v 0.631059 0.093778 0.087997
v 0.620969 0.093944 0.054780
v 0.608322 0.093990 0.020001
v 0.608960 0.092439 0.021701
v 0.591441 0.091945 0.060371
v 0.597147 0.090945 0.081244
v 0.598509 0.093738 0.085659
v 0.591504 0.093854 0.060389
v 0.582623 0.093977 0.033947
v 0.583267 0.092237 0.036014
v 0.566576 0.091689 0.065995
v 0.570492 0.090761 0.079102
v 0.571710 0.093592 0.082601
v 0.566563 0.093707 0.066155
v 0.560925 0.093901 0.046471
v 0.561310 0.092153 0.047343
v 0.543130 0.091609 0.068658
v 0.545653 0.090820 0.077099
v 0.550885 0.093887 0.077284
v 0.548937 0.093477 0.067807
v 0.542036 0.093874 0.057842
v 0.540071 0.091877 0.059064
v 0.834737 0.093006 0.076259
v 0.834806 0.093938 0.076215
v 0.754219 0.094033 -0.090909
v 0.754231 0.093222 -0.090897
v 0.847118 0.093052 0.074047
v 0.847107 0.093925 0.073980
v 0.762941 0.094034 -0.101294
v 0.763024 0.093267 -0.100791
v 0.812306 0.093728 -0.194013
v 0.812286 0.093999 -0.194019
v 0.755537 0.093120 -0.098727
v 0.756388 0.093978 -0.098568
v 0.518291 0.091474 0.056937
v 0.521386 0.094283 0.052488
v 0.524238 0.093858 -0.267341
v 0.524240 0.093580 -0.267348
v 0.513095 0.094551 0.046321
v 0.509402 0.091455 0.051790
v 0.541419 0.093869 -0.192036
v 0.647328 0.092103 -0.010798
v 0.642892 0.092710 -0.006513
v 0.642850 0.093922 -0.006570
v 0.647221 0.093903 -0.010893
v 0.538457 0.093901 -0.068288
v 0.539068 0.093923 -0.064463
v 0.539555 0.092609 -0.063748
v 0.541736 0.093405 -0.065168
v 0.536757 0.093903 -0.060951
v 0.539429 0.092173 -0.061965
v 0.651994 0.093926 -0.012528
v 0.652064 0.092749 -0.012467
v 0.540538 0.093878 -0.151506
v 0.721519 0.093961 -0.069739
v 0.721583 0.093058 -0.069703
v 0.550541 0.092872 -0.140068
v 0.541327 0.093836 -0.108430
v 0.686791 0.093944 -0.041208
v 0.677923 0.092711 -0.042489
v 0.546526 0.092712 -0.104209
v 0.793653 0.093992 -0.162202
v 0.530125 0.093862 -0.242033
v 0.531543 0.093461 -0.240886
v 0.793554 0.093556 -0.162174
v 0.774977 0.093389 -0.138644
v 0.537626 0.093365 -0.221467
v 0.534266 0.093865 -0.224227
v 0.779710 0.093988 -0.138392
v 0.750839 0.093976 -0.093994
v 0.748798 0.093168 -0.093569
v 0.544822 0.093539 -0.189920
v 0.541334 0.093870 -0.188495
v 0.759534 0.093980 -0.103940
v 0.756896 0.093119 -0.107171
v 0.543246 0.093029 -0.190978
v 0.812990 0.094104 -0.193670
v 0.812928 0.094774 -0.193647
v 0.813333 0.094648 -0.193436
v 0.813016 0.093249 -0.193647
v 0.812494 0.093314 -0.193924
v 0.812548 0.094630 -0.193858
v 0.813516 0.093314 -0.193377
v 0.758973 0.095810 -0.096420
v 0.757975 0.096167 -0.097213
v 0.756820 0.092069 -0.098271
v 0.758135 0.091870 -0.097205
v 0.757036 0.095759 -0.097983
v 0.759431 0.092045 -0.096170
v 0.518626 0.099013 0.056526
v 0.515821 0.088994 0.061005
v 0.516762 0.088646 0.064767
v 0.520449 0.089385 0.066445
v 0.526195 0.098031 0.063272
v 0.520922 0.099777 0.062066
v 0.523480 0.093944 -0.267068
v 0.523454 0.094614 -0.267004
v 0.523876 0.094486 -0.267177
v 0.523510 0.093087 -0.267071
v 0.523081 0.093140 -0.266897
v 0.522757 0.093838 -0.266754
v 0.522881 0.094394 -0.266781
v 0.524037 0.093154 -0.267281
v 0.509529 0.099608 0.049587
v 0.503332 0.101507 0.050690
v 0.501031 0.089184 0.049225
v 0.502985 0.088329 0.052629
v 0.497853 0.093930 0.044049
v 0.500206 0.097823 0.045725
v 0.506356 0.088605 0.054912
v 0.540565 0.095262 -0.192101
v 0.539602 0.095545 -0.192401
v 0.538876 0.092290 -0.194208
v 0.539845 0.092176 -0.193903
v 0.538305 0.095055 -0.192829
v 0.541032 0.092321 -0.193523
v 0.508445 0.089125 0.060527
v 0.515654 0.095736 0.051026
v 0.511899 0.100859 0.055098
v 0.496817 0.103180 0.064341
v 0.503244 0.103394 0.066598
v 0.508734 0.102276 0.070625
v 0.517807 0.099849 0.072784
v 0.517559 0.087341 0.074216
v 0.508814 0.085965 0.073116
v 0.502366 0.085649 0.070194
v 0.495819 0.085216 0.068754
v 0.486178 0.086728 0.062943
v 0.478062 0.093487 0.048199
v 0.485034 0.098897 0.055851
v 0.499148 0.086231 0.061129
v 0.496744 0.087127 0.057398
v 0.487642 0.093486 0.047520
v 0.492587 0.098688 0.051133
v 0.499190 0.102582 0.058096
v 0.511802 0.101893 0.068171
v 0.518033 0.099391 0.069382
v 0.516301 0.088190 0.071125
v 0.511168 0.086958 0.069509
v 0.505202 0.087114 0.064729
v 0.506310 0.102703 0.062112
v 0.508375 0.087020 0.066845
v 0.505644 0.085826 0.071896
v 0.502355 0.086619 0.062974
v 0.498791 0.085434 0.069198
v 0.500084 0.103533 0.065152
v 0.503123 0.103023 0.060084
v 0.506634 0.102972 0.068753
v 0.509253 0.102474 0.064772
v 0.841833 0.096485 0.077689
v 0.841658 0.095948 0.079100
v 0.841525 0.094065 0.080457
v 0.841930 0.091489 0.077950
v 0.842186 0.091707 0.076023
v 0.842123 0.095763 0.075684
v 0.841763 0.091717 0.079144
v 0.983944 0.094128 0.006870
v 0.983849 0.095128 0.006855
v 0.984194 0.094884 0.007400
v 0.984543 0.094022 0.007916
v 0.983961 0.092852 0.006921
v 0.983496 0.092951 0.006173
v 0.983374 0.094799 0.006070
v 0.984247 0.092956 0.007388
v 0.926649 0.092402 0.044110
v 0.926794 0.092250 0.045376
v 0.926880 0.092413 0.046164
v 0.926937 0.094040 0.047036
v 0.926802 0.095353 0.046148
v 0.926689 0.095729 0.045220
v 0.926552 0.095227 0.043900
v 0.499370 0.103485 0.075871
v 0.499721 0.085107 0.078304
v 0.499117 0.086413 0.082112
v 0.498160 0.094147 0.085864
v 0.498777 0.099893 0.081294
v 0.246991 0.080016 -0.069285
v 0.246840 0.082018 -0.078123
v 0.247116 0.093864 -0.085236
v 0.246838 0.082490 -0.060005
v 0.246096 0.094483 -0.050453
v 0.246214 0.104100 -0.056387
v 0.246667 0.108653 -0.066763
v 0.247051 0.104641 -0.080610
v 0.484628 0.085525 0.069074
v 0.484024 0.086399 0.073308
v 0.483084 0.094279 0.077873
v 0.483768 0.100341 0.072958
v 0.484612 0.102510 0.067619
v 0.513876 0.086548 0.079715
v 0.512905 0.087343 0.083484
v 0.511186 0.093985 0.087969
v 0.511910 0.099325 0.083920
v 0.513270 0.101141 0.079286
v 0.506289 0.085655 0.079349
v 0.505225 0.086805 0.083302
v 0.503741 0.094038 0.087705
v 0.504614 0.099475 0.083206
v 0.506385 0.102362 0.077905
v 0.493384 0.084863 0.074618
v 0.491940 0.086046 0.078526
v 0.490573 0.094275 0.082540
v 0.491962 0.100531 0.077689
v 0.493896 0.103887 0.072116
v 0.189485 0.105363 -0.048274
v 0.190776 0.102326 -0.053980
v 0.190388 0.094219 -0.060389
v 0.190549 0.083084 -0.053619
v 0.191333 0.082466 -0.047838
v 0.191958 0.083535 -0.042549
v 0.191821 0.094436 -0.037197
v 0.190382 0.103030 -0.042813
v 0.368659 0.102374 0.000947
v 0.369175 0.100740 -0.003913
v 0.370310 0.094499 -0.011621
v 0.369393 0.086102 -0.002743
v 0.369016 0.085205 0.001672
v 0.368770 0.085897 0.005933
v 0.368358 0.094282 0.010654
v 0.368358 0.100995 0.005722
v 0.308573 0.102922 -0.035165
v 0.308678 0.101135 -0.040929
v 0.308970 0.094305 -0.047736
v 0.308907 0.085178 -0.039255
v 0.308448 0.084401 -0.034544
v 0.308348 0.085222 -0.030147
v 0.308246 0.094265 -0.025339
v 0.308311 0.101370 -0.030208
v 0.429929 0.100131 0.032094
v 0.430173 0.094117 0.028134
v 0.430393 0.086794 0.033136
v 0.429891 0.085882 0.037727
v 0.429561 0.086559 0.041587
v 0.429012 0.094265 0.045838
v 0.429198 0.100415 0.041422
v 0.429523 0.102098 0.036877
v 0.255435 0.105256 -0.065285
v 0.251652 0.102068 -0.055041
v 0.251858 0.094380 -0.049539
v 0.256212 0.082400 -0.066714
v 0.252698 0.084280 -0.075525
v 0.252814 0.093809 -0.083257
v 0.253191 0.102716 -0.078552
v 0.252698 0.084653 -0.058788
v 0.236560 0.105080 -0.066381
v 0.240215 0.102793 -0.078332
v 0.240590 0.093948 -0.083021
v 0.240452 0.084073 -0.076501
v 0.236936 0.082190 -0.067552
v 0.240433 0.084460 -0.059404
v 0.239884 0.094421 -0.050152
v 0.239957 0.102295 -0.056182
v 0.192227 0.085958 -0.039152
v 0.240412 0.086637 -0.055944
v 0.246832 0.085121 -0.056696
v 0.252698 0.086789 -0.055532
v 0.308331 0.087223 -0.027198
v 0.368608 0.087757 0.008792
v 0.429310 0.088267 0.044144
v 0.483577 0.088308 0.076033
v 0.490989 0.088145 0.080914
v 0.498644 0.088442 0.084405
v 0.504522 0.088621 0.085853
v 0.512112 0.088847 0.086040
v 0.841644 0.092237 0.079931
v 0.926929 0.092777 0.046683
v 0.984434 0.093197 0.007706
v 0.983997 0.093149 0.006886
v 0.983391 0.093192 0.006019
v 0.926609 0.092770 0.043851
v 0.842224 0.092234 0.075631
v 0.521736 0.088910 0.073687
v 0.517818 0.089626 0.071106
v 0.522866 0.090498 0.066621
v 0.759727 0.092512 -0.095918
v 0.813633 0.093481 -0.193308
v 0.813027 0.093448 -0.193679
v 0.812381 0.093477 -0.193979
v 0.756409 0.092523 -0.098571
v 0.517413 0.090438 0.058255
v 0.509838 0.090693 0.058830
v 0.524167 0.093321 -0.267325
v 0.523499 0.093288 -0.267102
v 0.522848 0.093316 -0.266798
v 0.538354 0.092674 -0.194362
v 0.499839 0.090391 0.047081
v 0.493780 0.089337 0.053564
v 0.487261 0.088898 0.057354
v 0.430890 0.088637 0.029493
v 0.369771 0.087997 -0.006569
v 0.309202 0.087304 -0.042614
v 0.252698 0.086474 -0.078622
v 0.246840 0.084721 -0.081231
v 0.240452 0.086311 -0.079667
v 0.190009 0.085547 -0.057012
v 0.192024 0.092327 -0.037477
v 0.240378 0.092605 -0.053764
v 0.246816 0.092365 -0.054653
v 0.252696 0.092687 -0.053581
v 0.308340 0.092896 -0.025560
v 0.368460 0.093192 0.010448
v 0.429113 0.091065 0.045655
v 0.483232 0.091133 0.077645
v 0.490650 0.091083 0.082463
v 0.498301 0.091197 0.085781
v 0.503981 0.091187 0.087440
v 0.511477 0.091242 0.087654
v 0.841558 0.093088 0.080397
v 0.926949 0.093368 0.046995
v 0.984537 0.093580 0.007889
v 0.983982 0.093638 0.006874
v 0.813014 0.093775 -0.193680
v 0.512859 0.091770 0.055435
v 0.523490 0.093615 -0.267092
v 0.522774 0.093567 -0.266766
v 0.499314 0.092006 0.046865
v 0.493618 0.091039 0.053309
v 0.487184 0.090927 0.056236
v 0.431973 0.091050 0.025278
v 0.370619 0.090357 -0.011060
v 0.309690 0.090131 -0.045891
v 0.252698 0.090015 -0.080595
v 0.246840 0.089086 -0.083216
v 0.240452 0.089926 -0.081689
v 0.189586 0.089524 -0.059194
v 0.191235 0.099010 -0.039068
v 0.239892 0.098589 -0.051981
v 0.246120 0.099514 -0.052340
v 0.251768 0.098451 -0.051133
v 0.308230 0.098068 -0.026930
v 0.368319 0.097821 0.009161
v 0.429033 0.097509 0.044472
v 0.483352 0.097324 0.076221
v 0.490893 0.097308 0.080802
v 0.498340 0.096985 0.084384
v 0.503859 0.096876 0.086383
v 0.511280 0.096789 0.086798
v 0.841556 0.095059 0.080037
v 0.926889 0.094730 0.046765
v 0.984436 0.094469 0.007766
v 0.983946 0.094683 0.006827
v 0.983297 0.094403 0.005920
v 0.926540 0.094630 0.043665
v 0.842192 0.094909 0.075338
v 0.530159 0.096504 0.073086
v 0.525225 0.096115 0.069245
v 0.531164 0.095805 0.063289
v 0.759727 0.094861 -0.095845
v 0.813635 0.094310 -0.193286
v 0.812979 0.094476 -0.193695
v 0.812294 0.094290 -0.194007
v 0.756410 0.094806 -0.098521
v 0.520556 0.096176 0.053468
v 0.514246 0.098063 0.052435
v 0.512129 0.096649 0.047309
v 0.541274 0.094519 -0.191896
v 0.524185 0.094148 -0.267311
v 0.523457 0.094315 -0.267076
v 0.522770 0.094128 -0.266755
v 0.538085 0.094476 -0.192915
v 0.498920 0.095704 0.044832
v 0.490611 0.095684 0.049296
v 0.480247 0.095641 0.050769
v 0.430104 0.097191 0.029244
v 0.369506 0.097544 -0.007647
v 0.308533 0.097688 -0.044680
v 0.252923 0.098025 -0.082149
v 0.247126 0.099032 -0.084091
v 0.240540 0.098234 -0.081862
v 0.190959 0.098351 -0.057859
v 0.169672 0.105446 -0.040173
v 0.169453 0.102555 -0.045647
v 0.169234 0.098231 -0.049648
v 0.168207 0.093928 -0.052912
v 0.168696 0.085900 -0.048862
v 0.169575 0.083108 -0.044903
v 0.171068 0.083173 -0.034155
v 0.171181 0.085716 -0.030405
v 0.171050 0.092313 -0.028392
v 0.170925 0.094711 -0.028138
v 0.170647 0.099511 -0.030252
v 0.215614 0.104987 -0.058535
v 0.215215 0.102509 -0.064383
v 0.214981 0.098495 -0.067821
v 0.214932 0.094089 -0.069141
v 0.215027 0.089726 -0.068683
v 0.215234 0.085929 -0.066586
v 0.215507 0.083577 -0.063295
v 0.215927 0.082979 -0.057596
v 0.216290 0.083985 -0.052286
v 0.216504 0.086275 -0.048764
v 0.216578 0.092422 -0.046603
v 0.216532 0.094331 -0.046320
v 0.216336 0.098713 -0.048152
v 0.216025 0.102632 -0.052294
v 0.279616 0.103905 -0.052209
v 0.278898 0.101615 -0.061198
v 0.278517 0.097976 -0.064983
v 0.278393 0.094019 -0.066426
v 0.280293 0.090162 -0.063036
v 0.280344 0.086756 -0.061095
v 0.280379 0.084638 -0.058030
v 0.280367 0.084054 -0.050455
v 0.280360 0.084947 -0.045718
v 0.280394 0.087015 -0.042667
v 0.280455 0.092800 -0.040938
v 0.280353 0.094296 -0.040797
v 0.280196 0.098254 -0.042416
v 0.279943 0.101795 -0.046169
v 0.338398 0.102697 -0.017096
v 0.338809 0.100921 -0.022210
v 0.339004 0.097471 -0.025969
v 0.339745 0.094249 -0.029882
v 0.340232 0.090212 -0.029009
v 0.339382 0.087710 -0.024617
v 0.339036 0.085659 -0.020890
v 0.338653 0.084814 -0.016371
v 0.338363 0.085547 -0.011894
v 0.338251 0.087516 -0.008888
v 0.338133 0.093061 -0.007156
v 0.338047 0.094310 -0.006926
v 0.338013 0.097973 -0.008572
v 0.338036 0.101283 -0.012123
v 0.399027 0.102464 0.018864
v 0.399487 0.100359 0.014199
v 0.399921 0.097271 0.010696
v 0.400809 0.094455 0.006809
v 0.401062 0.090682 0.007382
v 0.400180 0.088241 0.011638
v 0.399789 0.086369 0.015254
v 0.399427 0.085510 0.019746
v 0.399164 0.086230 0.023792
v 0.398958 0.088012 0.026468
v 0.398786 0.093325 0.028052
v 0.398685 0.094274 0.028246
v 0.398677 0.097663 0.026819
v 0.398783 0.100700 0.023629
v 0.460823 0.101636 0.053971
v 0.461108 0.099683 0.048797
v 0.460632 0.096763 0.045173
v 0.460680 0.093991 0.043447
v 0.462073 0.091069 0.045223
v 0.461759 0.088548 0.046968
v 0.461615 0.086938 0.049896
v 0.461042 0.086210 0.054465
v 0.460508 0.086851 0.058360
v 0.460126 0.088490 0.060945
v 0.459865 0.091169 0.062464
v 0.459774 0.094226 0.062660
v 0.459897 0.097314 0.061340
v 0.460268 0.100072 0.058398
v 0.170556 0.079144 -0.320349
v 0.170825 0.076424 -0.319601
v 0.170255 0.072736 -0.320675
v 0.168450 0.071758 -0.322272
v 0.643494 0.090857 -0.005796
v 0.645076 0.089704 -0.003712
v 0.646584 0.090856 -0.001700
v 0.646918 0.091595 -0.001224
v 0.646867 0.095304 -0.001127
v 0.645941 0.096802 -0.002289
v 0.644725 0.097365 -0.003876
v 0.643291 0.096489 -0.005884
v 0.642878 0.095232 -0.006507
v 0.643154 0.091583 -0.006224
v 0.678817 0.089595 0.090911
v 0.678004 0.089177 0.094562
v 0.677482 0.089611 0.096825
v 0.677118 0.090602 0.098317
v 0.676874 0.092228 0.099210
v 0.676798 0.094092 0.099336
v 0.676925 0.095989 0.098555
v 0.677279 0.097689 0.096792
v 0.677854 0.098715 0.094122
v 0.678749 0.097340 0.090310
v 0.680037 0.095791 0.089741
v 0.679969 0.090559 0.090232
v 0.508334 0.090239 0.053276
v 0.169579 0.080536 -0.321357
v 0.650549 0.088050 -0.006660
v 0.652803 0.089345 -0.003679
v 0.653304 0.090445 -0.002973
v 0.653229 0.095958 -0.002830
v 0.651844 0.098186 -0.004550
v 0.650026 0.099023 -0.006902
v 0.647897 0.097730 -0.009860
v 0.647263 0.095852 -0.010799
v 0.647680 0.090428 -0.010384
v 0.648184 0.089346 -0.009749
v 0.684689 0.087864 0.094094
v 0.684177 0.088421 0.096912
v 0.683823 0.089690 0.098767
v 0.683584 0.091774 0.099869
v 0.683510 0.094161 0.100012
v 0.683636 0.096593 0.099025
v 0.683982 0.098769 0.096818
v 0.684545 0.100081 0.093489
v 0.685421 0.098317 0.088752
v 0.686655 0.096328 0.088089
v 0.686590 0.089630 0.088728
v 0.685484 0.088397 0.089547
v 0.534177 0.098526 -0.066335
v 0.530710 0.097175 -0.067820
v 0.530125 0.095576 -0.068111
v 0.530049 0.093780 -0.068195
v 0.530190 0.092118 -0.068184
v 0.530676 0.090568 -0.068027
v 0.532087 0.089494 -0.067469
v 0.534710 0.089175 -0.066384
v 0.537915 0.089580 -0.065035
v 0.538617 0.090639 -0.064719
v 0.538708 0.095722 -0.064582
v 0.537479 0.097389 -0.064990
v 0.536532 0.095183 -0.060999
v 0.535667 0.096363 -0.061285
v 0.533310 0.097176 -0.062245
v 0.530846 0.096215 -0.063301
v 0.530428 0.095077 -0.063509
v 0.530375 0.093801 -0.063568
v 0.530476 0.092618 -0.063560
v 0.530821 0.091517 -0.063448
v 0.531824 0.090753 -0.063052
v 0.533689 0.090527 -0.062280
v 0.535969 0.090814 -0.061321
v 0.536469 0.091567 -0.061096
v 0.538207 0.095144 -0.068370
v 0.537353 0.096298 -0.068655
v 0.535078 0.097080 -0.069582
v 0.532684 0.096147 -0.070608
v 0.532279 0.095042 -0.070809
v 0.532228 0.093802 -0.070866
v 0.531280 0.092648 -0.071295
v 0.532660 0.091583 -0.070750
v 0.533635 0.090842 -0.070365
v 0.535447 0.090622 -0.069616
v 0.537661 0.090901 -0.068684
v 0.538145 0.091633 -0.068466
v 0.652452 0.096434 -0.011851
v 0.652024 0.095201 -0.012470
v 0.652300 0.091652 -0.012201
v 0.652631 0.090945 -0.011788
v 0.654188 0.089801 -0.009777
v 0.655673 0.090945 -0.007836
v 0.656002 0.091665 -0.007376
v 0.655953 0.095270 -0.007282
v 0.655043 0.096728 -0.008402
v 0.653846 0.097275 -0.009933
v 0.691446 0.098569 0.093377
v 0.692295 0.097245 0.089764
v 0.693476 0.095749 0.089283
v 0.693414 0.090727 0.089785
v 0.692356 0.089802 0.090394
v 0.691586 0.089403 0.093869
v 0.691091 0.089822 0.096021
v 0.690746 0.090775 0.097436
v 0.690516 0.092338 0.098273
v 0.690444 0.094129 0.098376
v 0.690565 0.095953 0.097615
v 0.690901 0.097586 0.095923
v 0.526026 0.092540 -0.047380
v 0.526395 0.091369 -0.047267
v 0.527469 0.090556 -0.046863
v 0.529467 0.090321 -0.046075
v 0.531815 0.090647 -0.045130
v 0.532537 0.091441 -0.044815
v 0.534403 0.092519 -0.043883
v 0.532803 0.093875 -0.044706
v 0.532511 0.095268 -0.044766
v 0.531619 0.096505 -0.045043
v 0.529061 0.097387 -0.046032
v 0.526423 0.096364 -0.047111
v 0.525977 0.095155 -0.047324
v 0.525920 0.093797 -0.047386
v 0.520562 0.092441 -0.028071
v 0.521095 0.091193 -0.027871
v 0.522264 0.090331 -0.027454
v 0.524415 0.090101 -0.026648
v 0.526783 0.090470 -0.025738
v 0.527935 0.091292 -0.025240
v 0.530975 0.092308 -0.023706
v 0.528110 0.093897 -0.025168
v 0.527721 0.095347 -0.025292
v 0.526743 0.096680 -0.025588
v 0.523941 0.097587 -0.026631
v 0.521048 0.096488 -0.027825
v 0.519758 0.095108 -0.028532
v 0.518750 0.094514 -0.029175
v 0.513150 0.092279 -0.005081
v 0.514632 0.090986 -0.004291
v 0.515921 0.090049 -0.003849
v 0.518251 0.089778 -0.003025
v 0.520895 0.090169 -0.002072
v 0.521872 0.091073 -0.001682
v 0.523862 0.092231 -0.000693
v 0.522135 0.093918 -0.001563
v 0.521826 0.095496 -0.001644
v 0.520865 0.096884 -0.001894
v 0.517775 0.097945 -0.002963
v 0.514596 0.096598 -0.004277
v 0.512668 0.095090 -0.005360
v 0.512196 0.094921 -0.005659
v 0.508023 0.091332 0.014131
v 0.509016 0.090827 0.015189
v 0.510658 0.089856 0.015848
v 0.513097 0.089568 0.016689
v 0.515726 0.090002 0.017593
v 0.517137 0.090911 0.018156
v 0.519442 0.091992 0.019311
v 0.517255 0.093923 0.018227
v 0.516924 0.095601 0.018141
v 0.515932 0.097058 0.017903
v 0.512597 0.098204 0.016800
v 0.509289 0.096946 0.015632
v 0.508726 0.095456 0.015398
v 0.508652 0.093785 0.015325
v 0.503073 0.092130 0.034236
v 0.503668 0.090610 0.034479
v 0.505122 0.089550 0.035036
v 0.507826 0.089237 0.036065
v 0.511110 0.089636 0.037298
v 0.511872 0.090679 0.037586
v 0.512413 0.092207 0.037818
v 0.513527 0.093852 0.036095
v 0.512640 0.095642 0.036089
v 0.511172 0.097297 0.036329
v 0.507326 0.098449 0.035962
v 0.503715 0.097098 0.034555
v 0.502925 0.095498 0.034019
v 0.502458 0.093767 0.033723
v 0.531826 0.092917 -0.152516
v 0.536190 0.092329 -0.152107
v 0.537163 0.091860 -0.151605
v 0.538378 0.091731 -0.150708
v 0.539884 0.091928 -0.149559
v 0.542210 0.092366 -0.147601
v 0.540302 0.094717 -0.151643
v 0.539515 0.095598 -0.151885
v 0.538122 0.096041 -0.152364
v 0.536458 0.095407 -0.152960
v 0.536103 0.094654 -0.153096
v 0.535828 0.093830 -0.153167
v 0.532209 0.092781 -0.112583
v 0.534540 0.091963 -0.111954
v 0.535439 0.091363 -0.111622
v 0.536944 0.091207 -0.111025
v 0.538655 0.091461 -0.110278
v 0.540321 0.092029 -0.109165
v 0.539695 0.094823 -0.109638
v 0.538383 0.095940 -0.110323
v 0.536559 0.096476 -0.111025
v 0.534496 0.095733 -0.111827
v 0.533247 0.094750 -0.112247
v 0.530014 0.093940 -0.113136
v 0.529351 0.093321 -0.224131
v 0.531748 0.092950 -0.224662
v 0.532278 0.092661 -0.224646
v 0.533012 0.092574 -0.224555
v 0.533870 0.092685 -0.224431
v 0.534342 0.092972 -0.224196
v 0.534186 0.094360 -0.224133
v 0.533644 0.094932 -0.224196
v 0.532916 0.095146 -0.224295
v 0.531927 0.094773 -0.224448
v 0.531754 0.094327 -0.224487
v 0.531732 0.093830 -0.224503
v 0.527652 0.093445 -0.242014
v 0.528130 0.093099 -0.242129
v 0.528463 0.092853 -0.242141
v 0.529076 0.092780 -0.242151
v 0.529815 0.092874 -0.242157
v 0.530022 0.093114 -0.242129
v 0.530016 0.094271 -0.242137
v 0.529571 0.094747 -0.242119
v 0.528970 0.094925 -0.242105
v 0.528154 0.094614 -0.242101
v 0.528008 0.094244 -0.242112
v 0.527988 0.093833 -0.242121
v 0.626974 0.097529 0.005496
v 0.625426 0.096588 0.003356
v 0.625027 0.095291 0.002731
v 0.624997 0.093913 0.002667
v 0.621986 0.092471 0.001176
v 0.625026 0.091496 0.002904
v 0.625777 0.090739 0.003633
v 0.627344 0.090228 0.005668
v 0.628935 0.090693 0.007778
v 0.629288 0.091470 0.008278
v 0.629234 0.095364 0.008379
v 0.628257 0.096937 0.007161
v 0.605700 0.097725 0.016729
v 0.604014 0.096709 0.014430
v 0.603633 0.095361 0.013804
v 0.603601 0.093905 0.013738
v 0.600432 0.092333 0.012181
v 0.603617 0.091356 0.013997
v 0.604454 0.090558 0.014803
v 0.606091 0.090170 0.016911
v 0.607691 0.090534 0.019032
v 0.608179 0.091353 0.019784
v 0.608100 0.095436 0.019773
v 0.607062 0.097100 0.018487
v 0.579819 0.097962 0.030416
v 0.577968 0.096853 0.027904
v 0.577607 0.095446 0.027275
v 0.577572 0.093893 0.027206
v 0.574782 0.092182 0.025923
v 0.577582 0.091171 0.027552
v 0.578490 0.090330 0.028420
v 0.580234 0.089936 0.030623
v 0.581928 0.090296 0.032927
v 0.582438 0.091167 0.033764
v 0.582385 0.095519 0.033703
v 0.581276 0.097293 0.032312
v 0.558033 0.098116 0.042441
v 0.556090 0.096946 0.039557
v 0.555759 0.095491 0.038879
v 0.555725 0.093859 0.038795
v 0.553453 0.092004 0.037594
v 0.555780 0.091001 0.039075
v 0.556757 0.090128 0.040132
v 0.558496 0.089690 0.042564
v 0.560285 0.090038 0.045170
v 0.560793 0.090953 0.045986
v 0.560675 0.095523 0.046207
v 0.559532 0.097400 0.044611
v 0.536774 0.098261 0.054057
v 0.535158 0.097039 0.050751
v 0.535043 0.095451 0.049677
v 0.534798 0.093735 0.049293
v 0.533436 0.091790 0.048873
v 0.534615 0.090772 0.050178
v 0.535161 0.089815 0.051509
v 0.536879 0.089428 0.054346
v 0.538801 0.089828 0.056854
v 0.539518 0.090773 0.057834
v 0.541344 0.095603 0.057291
v 0.539081 0.097532 0.056059
v 0.655691 0.089171 0.090594
v 0.655116 0.088728 0.094451
v 0.654735 0.089192 0.096840
v 0.654440 0.090247 0.098425
v 0.654220 0.091979 0.099383
v 0.654135 0.093963 0.099531
v 0.654214 0.095984 0.098719
v 0.654468 0.097792 0.096870
v 0.654881 0.098882 0.094058
v 0.655491 0.097415 0.090037
v 0.657006 0.095771 0.089402
v 0.657023 0.090194 0.089859
v 0.628783 0.088791 0.089301
v 0.628039 0.088315 0.093483
v 0.627557 0.088812 0.096068
v 0.627205 0.089945 0.097788
v 0.626945 0.091803 0.098844
v 0.626833 0.093931 0.099034
v 0.626909 0.096099 0.098193
v 0.627199 0.098040 0.096226
v 0.627709 0.099209 0.093198
v 0.628549 0.097637 0.088809
v 0.630221 0.095875 0.088148
v 0.630244 0.089881 0.088563
v 0.596235 0.088423 0.087264
v 0.595484 0.087812 0.091259
v 0.595075 0.088347 0.093948
v 0.594757 0.089570 0.095773
v 0.594508 0.091580 0.096926
v 0.594390 0.093882 0.097165
v 0.594435 0.096227 0.096317
v 0.594664 0.098327 0.094288
v 0.595083 0.099595 0.091147
v 0.595814 0.097898 0.086562
v 0.597602 0.096005 0.085854
v 0.597362 0.089606 0.085361
v 0.569058 0.088015 0.084425
v 0.568069 0.087285 0.089070
v 0.567572 0.087855 0.092093
v 0.567212 0.089158 0.094108
v 0.566950 0.091296 0.095357
v 0.566838 0.093746 0.095599
v 0.566916 0.096241 0.094642
v 0.567212 0.098476 0.092368
v 0.567734 0.099824 0.088846
v 0.568613 0.098021 0.083659
v 0.570679 0.096006 0.082838
v 0.570312 0.089326 0.082272
v 0.542603 0.087782 0.080011
v 0.541018 0.087080 0.084529
v 0.540421 0.087656 0.087833
v 0.540057 0.089047 0.090008
v 0.539808 0.091312 0.091316
v 0.539700 0.093930 0.091547
v 0.539762 0.096573 0.090504
v 0.540050 0.098949 0.088023
v 0.541406 0.100124 0.084120
v 0.545439 0.098639 0.079871
v 0.549499 0.096262 0.078488
v 0.544410 0.089165 0.078476
v 0.723265 0.096536 -0.068119
v 0.722151 0.095984 -0.069222
v 0.721567 0.094938 -0.069737
v 0.721814 0.092216 -0.069574
v 0.722116 0.091678 -0.069324
v 0.723445 0.091462 -0.067957
v 0.724432 0.091695 -0.066462
v 0.724695 0.092247 -0.065756
v 0.725136 0.094998 -0.066324
v 0.724330 0.096116 -0.067080
v 0.688555 0.096906 -0.039026
v 0.687313 0.096209 -0.040562
v 0.686820 0.095069 -0.041154
v 0.685699 0.091980 -0.041072
v 0.687432 0.091382 -0.040353
v 0.688862 0.091028 -0.038895
v 0.690192 0.091336 -0.037358
v 0.690610 0.091971 -0.036732
v 0.690544 0.095134 -0.036803
v 0.689686 0.096421 -0.037741
v 0.794610 0.095239 -0.161503
v 0.794044 0.095006 -0.161900
v 0.793666 0.094463 -0.162178
v 0.793799 0.093150 -0.162120
v 0.793966 0.092891 -0.162015
v 0.794748 0.092784 -0.161485
v 0.795498 0.092890 -0.160970
v 0.795670 0.093158 -0.160843
v 0.795666 0.094493 -0.160806
v 0.795213 0.095036 -0.161098
v 0.780688 0.095592 -0.137072
v 0.779981 0.095292 -0.137612
v 0.779509 0.094593 -0.137989
v 0.779669 0.092917 -0.138363
v 0.780142 0.092586 -0.138126
v 0.780989 0.092445 -0.137259
v 0.781850 0.092573 -0.136457
v 0.782065 0.092916 -0.136256
v 0.782009 0.094633 -0.136121
v 0.781442 0.095330 -0.136520
v 0.537131 0.093233 -0.195534
v 0.538022 0.092612 -0.187152
v 0.538569 0.092205 -0.186984
v 0.539589 0.092085 -0.186653
v 0.540835 0.092238 -0.186241
v 0.537445 0.092713 -0.198606
v 0.537950 0.092340 -0.198466
v 0.538888 0.092229 -0.198189
v 0.540036 0.092369 -0.197844
v 0.540264 0.092741 -0.197766
v 0.538944 0.095486 -0.197082
v 0.537478 0.094454 -0.197555
v 0.536549 0.093890 -0.195451
v 0.752291 0.096227 -0.092449
v 0.751328 0.095796 -0.093282
v 0.750712 0.094828 -0.093824
v 0.750456 0.092453 -0.093320
v 0.750848 0.091984 -0.093154
v 0.752403 0.091791 -0.092283
v 0.753774 0.091983 -0.091316
v 0.754068 0.092465 -0.091069
v 0.754063 0.094883 -0.091011
v 0.753301 0.095861 -0.091616
v 0.760193 0.095695 -0.103435
v 0.759588 0.094777 -0.103951
v 0.760653 0.092604 -0.106455
v 0.761482 0.092176 -0.105909
v 0.762012 0.091973 -0.103853
v 0.762765 0.092126 -0.102144
v 0.762988 0.092573 -0.101780
v 0.762793 0.094830 -0.101387
v 0.762065 0.095744 -0.101937
v 0.761100 0.096088 -0.102697
v 0.431681 0.092909 -0.234169
v 0.399594 0.092738 -0.233150
v 0.368433 0.092642 -0.236527
v 0.337457 0.092762 -0.244502
v 0.494825 0.093272 -0.252351
v 0.466362 0.093090 -0.242261
v 0.310015 0.092929 -0.253914
v 0.501104 0.092959 -0.185787
v 0.269292 0.090951 -0.221849
v 0.195642 0.079703 -0.335207
v 0.193869 0.088302 -0.179037
v 0.165316 0.087115 -0.186355
v 0.243543 0.089821 -0.228964
v 0.215460 0.088218 -0.236860
v 0.194742 0.086796 -0.243237
v 0.171439 0.085021 -0.250480
v 0.495802 0.092464 -0.090118
v 0.297080 0.091079 -0.154409
v 0.329478 0.091335 -0.146788
v 0.361935 0.091576 -0.137956
v 0.394629 0.091810 -0.128217
v 0.427713 0.092037 -0.117513
v 0.461355 0.092258 -0.105316
v 0.304583 0.091704 -0.211702
v 0.335779 0.091887 -0.202952
v 0.367666 0.092070 -0.195620
v 0.399953 0.092283 -0.189659
v 0.432871 0.092498 -0.185725
v 0.466537 0.092721 -0.184215
v 0.468973 0.091669 0.026897
v 0.438042 0.091527 0.005946
v 0.407039 0.091249 -0.012893
v 0.376099 0.090961 -0.030357
v 0.345302 0.090785 -0.046708
v 0.314722 0.090754 -0.062409
v 0.284336 0.090328 -0.077244
v 0.248247 0.090095 -0.093727
v 0.214107 0.089293 -0.085229
v 0.181472 0.088376 -0.079475
v 0.259017 0.090822 -0.161919
v 0.227707 0.089784 -0.169446
v 0.492492 0.092358 -0.070414
v 0.458634 0.092143 -0.086419
v 0.425335 0.091919 -0.100056
v 0.392467 0.091689 -0.112097
v 0.359910 0.091454 -0.122919
v 0.327536 0.091211 -0.132590
v 0.295194 0.090956 -0.140885
v 0.256549 0.090685 -0.148875
v 0.226083 0.089658 -0.156956
v 0.190537 0.088170 -0.165820
v 0.487825 0.092232 -0.047881
v 0.454970 0.092013 -0.065616
v 0.422166 0.091783 -0.080482
v 0.389648 0.091550 -0.093847
v 0.357351 0.091315 -0.105904
v 0.325198 0.091072 -0.116747
v 0.293089 0.090823 -0.126386
v 0.254539 0.090557 -0.136290
v 0.223639 0.089530 -0.142341
v 0.187367 0.088038 -0.149655
v 0.482440 0.092099 -0.024842
v 0.450161 0.091858 -0.042329
v 0.418000 0.091621 -0.058475
v 0.385978 0.091386 -0.073232
v 0.354093 0.091151 -0.086677
v 0.322315 0.090914 -0.098921
v 0.290600 0.090674 -0.110124
v 0.252523 0.090413 -0.122059
v 0.221076 0.089435 -0.126111
v 0.184705 0.087925 -0.130084
v 0.477607 0.091981 -0.005823
v 0.445985 0.091727 -0.024515
v 0.414347 0.091484 -0.041761
v 0.382755 0.091249 -0.057573
v 0.351252 0.091018 -0.072050
v 0.319848 0.090787 -0.085289
v 0.288519 0.090554 -0.097429
v 0.251030 0.090303 -0.111002
v 0.219496 0.089302 -0.112390
v 0.182801 0.087866 -0.113550
v 0.472865 0.091851 0.012052
v 0.441833 0.091585 -0.008161
v 0.410659 0.091340 -0.026501
v 0.379457 0.091109 -0.043273
v 0.348324 0.090884 -0.058680
v 0.317317 0.090659 -0.072820
v 0.286423 0.090437 -0.085510
v 0.249611 0.090196 -0.100437
v 0.217017 0.089211 -0.098892
v 0.181664 0.087966 -0.096973
v 0.500326 0.092797 -0.154510
v 0.465636 0.092568 -0.158402
v 0.431814 0.092345 -0.163528
v 0.398695 0.092122 -0.169697
v 0.366131 0.091899 -0.176766
v 0.333989 0.091672 -0.184538
v 0.302120 0.091439 -0.192732
v 0.264803 0.091045 -0.200131
v 0.236876 0.089949 -0.205761
v 0.205631 0.088441 -0.213329
v 0.181999 0.087146 -0.219790
v 0.498455 0.092627 -0.121464
v 0.463876 0.092410 -0.131368
v 0.430071 0.092189 -0.140310
v 0.396891 0.091964 -0.148854
v 0.364185 0.091734 -0.157219
v 0.331794 0.091498 -0.165323
v 0.299536 0.091249 -0.172764
v 0.261808 0.090916 -0.181239
v 0.233013 0.089860 -0.188458
v 0.199747 0.088390 -0.197416
v 0.174041 0.087184 -0.204423
v 0.497289 0.093200 -0.233017
v 0.466105 0.092983 -0.226004
v 0.432876 0.092782 -0.222041
v 0.400532 0.092592 -0.222485
v 0.368814 0.092456 -0.226583
v 0.337745 0.092506 -0.232501
v 0.308551 0.092605 -0.240390
v 0.172642 0.080087 -0.316050
v 0.499245 0.093117 -0.216338
v 0.466346 0.092889 -0.211332
v 0.433113 0.092677 -0.209481
v 0.400576 0.092476 -0.211174
v 0.368639 0.092305 -0.215914
v 0.337166 0.092267 -0.222075
v 0.307180 0.092262 -0.230030
v 0.465289 0.091479 0.035960
v 0.434550 0.091882 0.016928
v 0.403849 0.091620 -0.001864
v 0.373141 0.091194 -0.019710
v 0.342524 0.091101 -0.036825
v 0.312233 0.090954 -0.053477
v 0.282412 0.090243 -0.069596
v 0.253270 0.090053 -0.084606
v 0.247435 0.090022 -0.086033
v 0.240973 0.089970 -0.085880
v 0.214163 0.089594 -0.072594
v 0.185726 0.089150 -0.063919
v 0.253337 0.093068 -0.086672
v 0.249001 0.093066 -0.087027
v 0.464623 0.094497 0.035806
v 0.501081 0.096248 -0.185425
v 0.499245 0.096408 -0.216338
v 0.495626 0.095752 -0.089460
v 0.466537 0.096012 -0.184215
v 0.466346 0.096181 -0.211332
v 0.432871 0.095789 -0.185725
v 0.433113 0.095969 -0.209481
v 0.399953 0.095574 -0.189659
v 0.400576 0.095767 -0.211174
v 0.367666 0.095361 -0.195619
v 0.368637 0.095598 -0.215908
v 0.335776 0.095179 -0.202942
v 0.337162 0.095560 -0.222049
v 0.307178 0.095556 -0.229997
v 0.304582 0.094997 -0.211684
v 0.269195 0.094177 -0.221848
v 0.213398 0.093721 -0.070877
v 0.188313 0.092929 -0.064852
v 0.240979 0.093127 -0.086692
v 0.193966 0.091644 -0.180007
v 0.165283 0.090547 -0.187602
v 0.243352 0.092994 -0.229076
v 0.215101 0.091307 -0.237135
v 0.194159 0.089791 -0.243713
v 0.170337 0.087833 -0.251381
v 0.280290 0.093448 -0.072877
v 0.311385 0.093308 -0.054699
v 0.342188 0.093328 -0.037230
v 0.372942 0.093573 -0.019798
v 0.403790 0.093704 -0.001885
v 0.434731 0.094473 0.017030
v 0.297080 0.094371 -0.154409
v 0.329478 0.094626 -0.146788
v 0.361935 0.094868 -0.137956
v 0.394629 0.095102 -0.128217
v 0.427713 0.095329 -0.117513
v 0.461355 0.095549 -0.105316
v 0.468829 0.094960 0.026606
v 0.472866 0.095144 0.012051
v 0.441840 0.094882 -0.008176
v 0.438061 0.094730 0.005823
v 0.410659 0.094631 -0.026501
v 0.407034 0.094398 -0.012923
v 0.379457 0.094400 -0.043273
v 0.376099 0.094253 -0.030357
v 0.345282 0.094042 -0.046639
v 0.348324 0.094177 -0.058680
v 0.314359 0.093675 -0.062620
v 0.317314 0.093954 -0.072774
v 0.284739 0.093661 -0.088020
v 0.282182 0.093533 -0.080472
v 0.247966 0.093185 -0.093657
v 0.248736 0.093404 -0.098886
v 0.214219 0.093175 -0.078624
v 0.215788 0.092780 -0.091573
v 0.185051 0.092509 -0.072358
v 0.183232 0.091858 -0.087852
v 0.259017 0.094114 -0.161919
v 0.227780 0.093086 -0.170037
v 0.492459 0.095648 -0.070296
v 0.458634 0.095434 -0.086419
v 0.425335 0.095210 -0.100056
v 0.392467 0.094981 -0.112097
v 0.359910 0.094746 -0.122919
v 0.327536 0.094503 -0.132590
v 0.295194 0.094247 -0.140885
v 0.256547 0.093976 -0.148862
v 0.226081 0.092964 -0.157087
v 0.190475 0.091542 -0.166146
v 0.161191 0.090489 -0.173190
v 0.487823 0.095524 -0.047871
v 0.454970 0.095304 -0.065616
v 0.422166 0.095074 -0.080482
v 0.389648 0.094842 -0.093847
v 0.357351 0.094606 -0.105904
v 0.325198 0.094364 -0.116747
v 0.293089 0.094115 -0.126386
v 0.254530 0.093848 -0.136226
v 0.223612 0.092846 -0.142370
v 0.187220 0.091463 -0.149851
v 0.482440 0.095391 -0.024842
v 0.450161 0.095150 -0.042329
v 0.418000 0.094913 -0.058475
v 0.385978 0.094677 -0.073232
v 0.354093 0.094443 -0.086677
v 0.322315 0.094205 -0.098921
v 0.290600 0.093965 -0.110124
v 0.252464 0.093702 -0.121794
v 0.221047 0.092744 -0.126055
v 0.184609 0.091330 -0.130094
v 0.477607 0.095272 -0.005823
v 0.445985 0.095019 -0.024515
v 0.414347 0.094775 -0.041761
v 0.382755 0.094541 -0.057573
v 0.351252 0.094309 -0.072050
v 0.319848 0.094078 -0.085289
v 0.288078 0.093827 -0.098069
v 0.250538 0.093570 -0.109997
v 0.219759 0.092619 -0.112148
v 0.183287 0.091289 -0.113978
v 0.500326 0.096088 -0.154510
v 0.465636 0.095860 -0.158402
v 0.431814 0.095636 -0.163528
v 0.398695 0.095413 -0.169697
v 0.366131 0.095190 -0.176766
v 0.333989 0.094964 -0.184537
v 0.302120 0.094730 -0.192732
v 0.264762 0.094326 -0.199995
v 0.236767 0.093221 -0.205733
v 0.205375 0.091703 -0.213452
v 0.181487 0.090402 -0.220155
v 0.498455 0.095918 -0.121464
v 0.463876 0.095701 -0.131368
v 0.430071 0.095480 -0.140310
v 0.396891 0.095255 -0.148854
v 0.364185 0.095025 -0.157219
v 0.331794 0.094789 -0.165323
v 0.299536 0.094541 -0.172764
v 0.261796 0.094205 -0.181218
v 0.232949 0.093151 -0.188476
v 0.199568 0.091698 -0.197571
v 0.173645 0.090533 -0.204835
v 0.497289 0.096491 -0.233017
v 0.494825 0.096564 -0.252351
v 0.466105 0.096275 -0.226004
v 0.466362 0.096381 -0.242261
v 0.432876 0.096073 -0.222041
v 0.431681 0.096200 -0.234169
v 0.400532 0.095884 -0.222485
v 0.399594 0.096030 -0.233150
v 0.368810 0.095748 -0.226575
v 0.368430 0.095934 -0.236516
v 0.337743 0.095800 -0.232471
v 0.337456 0.096056 -0.244474
v 0.310016 0.096220 -0.253924
v 0.308548 0.095898 -0.240373
v 0.171248 0.081211 -0.318810
v 0.194909 0.082387 -0.335808
v 0.665457 0.093659 -0.185231
v 0.659932 0.093517 -0.166047
v 0.654729 0.093415 -0.149590
v 0.641962 0.093255 -0.118178
v 0.627274 0.093058 -0.088266
v 0.612431 0.092899 -0.061779
v 0.595697 0.092717 -0.035855
v 0.665445 0.093933 -0.185231
v 0.659912 0.093931 -0.166049
v 0.654702 0.093930 -0.149593
v 0.641874 0.093928 -0.117959
v 0.627234 0.093923 -0.088287
v 0.612388 0.093919 -0.061801
v 0.595651 0.093913 -0.035881
v 0.525807 0.093854 0.041909
v 0.537848 0.093901 0.029051
v 0.551748 0.093905 0.013803
v 0.568424 0.093908 -0.004475
v 0.582627 0.093910 -0.020018
v 0.524215 0.092191 0.043964
v 0.537853 0.092343 0.029063
v 0.551778 0.092437 0.013827
v 0.568474 0.092543 -0.004446
v 0.582676 0.092631 -0.019990
v 0.245318 0.095512 -0.017527
v 0.245572 0.092757 -0.017767
v 0.229373 0.095406 -0.018482
v 0.229645 0.092401 -0.018699
v 0.266025 0.095336 -0.013845
v 0.266266 0.092849 -0.014126
v 0.385752 0.094352 0.024089
v 0.385866 0.093250 0.023893
v 0.325471 0.094715 0.004713
v 0.325644 0.092901 0.004507
v 0.288846 0.094946 -0.006966
v 0.289059 0.092699 -0.007189
v 0.207891 0.095502 -0.017373
v 0.208194 0.092149 -0.017602
v 0.186317 0.095684 -0.014262
v 0.186653 0.091978 -0.014489
v 0.245842 0.095094 -0.031563
v 0.234106 0.095059 -0.030548
v 0.213181 0.095097 -0.026981
v 0.188359 0.095253 -0.021698
v 0.188633 0.092075 -0.021919
v 0.213399 0.092259 -0.027215
v 0.234294 0.092505 -0.030826
v 0.246070 0.092692 -0.032149
v 0.260266 0.092895 -0.028817
v 0.287101 0.092732 -0.018656
v 0.319698 0.092911 -0.005249
v 0.365864 0.093096 0.012947
v 0.365739 0.094426 0.013154
v 0.319549 0.094576 -0.005035
v 0.286922 0.094725 -0.018387
v 0.260082 0.095144 -0.028474
v 0.245849 0.094721 -0.043040
v 0.237291 0.094721 -0.041387
v 0.215333 0.094714 -0.036778
v 0.190085 0.094856 -0.029524
v 0.171195 0.095144 -0.023740
v 0.171412 0.092165 -0.023973
v 0.190332 0.092202 -0.029700
v 0.215470 0.092347 -0.037022
v 0.237635 0.092529 -0.043508
v 0.246553 0.092601 -0.045640
v 0.255928 0.092692 -0.041959
v 0.283898 0.092746 -0.030448
v 0.313758 0.092919 -0.015013
v 0.339697 0.093078 -0.001735
v 0.339583 0.094359 -0.001522
v 0.313632 0.094437 -0.014790
v 0.283787 0.094495 -0.030193
v 0.255338 0.094671 -0.039895
v 0.588794 0.093893 -0.212955
v 0.588768 0.093894 -0.194474
v 0.588189 0.093895 -0.178492
v 0.584198 0.093897 -0.146932
v 0.578642 0.093900 -0.113930
v 0.572597 0.093904 -0.082999
v 0.564150 0.093908 -0.051283
v 0.556177 0.093892 -0.033509
v 0.546909 0.093907 -0.015554
v 0.535992 0.093912 0.005627
v 0.526894 0.093913 0.023285
v 0.519572 0.093802 0.038113
v 0.514273 0.095193 0.048631
v 0.513231 0.097540 0.050249
v 0.510786 0.100418 0.052723
v 0.504818 0.102891 0.061069
v 0.501957 0.103519 0.065939
v 0.504744 0.085510 0.075398
v 0.500776 0.085548 0.069696
v 0.503901 0.086870 0.063899
v 0.507236 0.088858 0.058857
v 0.508612 0.090473 0.057421
v 0.510734 0.091633 0.054088
v 0.517813 0.092246 0.040924
v 0.527267 0.092284 0.023460
v 0.536028 0.092427 0.005632
v 0.546944 0.092531 -0.015553
v 0.556228 0.092622 -0.033536
v 0.564383 0.092710 -0.051471
v 0.572624 0.092897 -0.082989
v 0.578667 0.093067 -0.113904
v 0.584216 0.093253 -0.146868
v 0.588205 0.093404 -0.178498
v 0.588780 0.093493 -0.194478
v 0.588800 0.093617 -0.212959
v 0.728813 0.093964 -0.175627
v 0.717898 0.093960 -0.154063
v 0.708339 0.093956 -0.135158
v 0.689634 0.093951 -0.101600
v 0.666061 0.093941 -0.072239
v 0.643773 0.093930 -0.047985
v 0.620195 0.093918 -0.023333
v 0.602632 0.093912 -0.009746
v 0.584753 0.093907 0.003940
v 0.563710 0.093899 0.020011
v 0.546144 0.093888 0.033493
v 0.530195 0.093657 0.045286
v 0.517948 0.095209 0.052123
v 0.516312 0.097389 0.053139
v 0.514318 0.100296 0.055871
v 0.507837 0.102627 0.063403
v 0.504857 0.103279 0.067515
v 0.728829 0.093691 -0.175624
v 0.717925 0.093536 -0.154057
v 0.708374 0.093422 -0.135151
v 0.688802 0.093238 -0.100033
v 0.666113 0.093058 -0.072214
v 0.643827 0.092900 -0.047951
v 0.620253 0.092723 -0.023290
v 0.602692 0.092637 -0.009700
v 0.584805 0.092550 0.003986
v 0.563604 0.092431 0.020006
v 0.545849 0.092294 0.033388
v 0.529019 0.092088 0.046274
v 0.515103 0.091679 0.056689
v 0.511942 0.090584 0.059428
v 0.510601 0.089051 0.061354
v 0.506661 0.087054 0.065723
v 0.503919 0.085732 0.071020
v 0.501519 0.085438 0.073167
v 0.498011 0.085095 0.072911
v 0.502485 0.103778 0.069243
v 0.505732 0.103372 0.072067
v 0.499195 0.104033 0.068808
v 0.503567 0.103722 0.070773
v 0.501019 0.103941 0.069569
v 0.502707 0.085410 0.074518
v 0.500003 0.085249 0.073480
v 0.834357 0.091369 0.079006
v 0.834176 0.091604 0.080264
v 0.834047 0.092145 0.081095
v 0.833956 0.093033 0.081591
v 0.833921 0.094050 0.081660
v 0.833957 0.095086 0.081224
v 0.834070 0.096014 0.080243
v 0.834262 0.096574 0.078758
v 0.834575 0.095824 0.076641
v 0.834698 0.094938 0.076279
v 0.834695 0.092144 0.076577
v 0.834618 0.091596 0.076981
v 0.846819 0.091512 0.076510
v 0.846657 0.091738 0.077652
v 0.846542 0.092250 0.078404
v 0.846460 0.093088 0.078852
v 0.846428 0.094048 0.078911
v 0.846457 0.095024 0.078511
v 0.846556 0.095897 0.077617
v 0.846725 0.096421 0.076270
v 0.847008 0.095708 0.074359
v 0.847075 0.094868 0.074030
v 0.847103 0.092240 0.074302
v 0.847065 0.091722 0.074673
v 0.742139 0.090097 0.090906
v 0.741727 0.090387 0.092875
v 0.741445 0.091176 0.094156
v 0.741259 0.092432 0.094916
v 0.741190 0.094009 0.095080
v 0.741274 0.095509 0.094522
v 0.741522 0.096861 0.093188
v 0.741946 0.097583 0.091084
v 0.742618 0.096558 0.088298
v 0.743084 0.095299 0.087163
v 0.742692 0.091186 0.086421
v 0.742645 0.090432 0.088284
v 0.792660 0.090589 0.086738
v 0.792504 0.090862 0.088349
v 0.792357 0.091518 0.089405
v 0.792245 0.092596 0.090062
v 0.792208 0.093838 0.090202
v 0.792271 0.095101 0.089727
v 0.792434 0.096232 0.088569
v 0.792664 0.096900 0.086739
v 0.792866 0.096013 0.084105
v 0.793187 0.094955 0.083501
v 0.792868 0.091554 0.083462
v 0.792721 0.090893 0.084249
v 0.950439 0.092499 0.029471
v 0.950605 0.092637 0.030126
v 0.950712 0.092951 0.030562
v 0.950768 0.093456 0.030820
v 0.950762 0.094033 0.030856
v 0.950691 0.094622 0.030635
v 0.950539 0.095159 0.030122
v 0.950329 0.095481 0.029353
v 0.950054 0.095050 0.028254
v 0.950016 0.094535 0.028054
v 0.950094 0.092944 0.028204
v 0.950161 0.092629 0.028419
v 0.544953 0.093639 0.062259
v 0.531298 0.093919 0.066103
v 0.526491 0.095876 0.066831
v 0.520411 0.098822 0.067248
v 0.516982 0.088838 0.069436
v 0.518290 0.090122 0.069753
v 0.524192 0.091374 0.068299
v 0.541215 0.091881 0.063183
v 0.563769 0.092035 0.055453
v 0.586855 0.092209 0.046662
v 0.614347 0.092424 0.036093
v 0.637677 0.092536 0.027766
v 0.660752 0.092636 0.019412
v 0.699592 0.092838 -0.002719
v 0.731951 0.093029 -0.023056
v 0.762499 0.093240 -0.044816
v 0.794312 0.093436 -0.075337
v 0.808750 0.093542 -0.092458
v 0.825590 0.093698 -0.117229
v 0.825580 0.094007 -0.117233
v 0.808737 0.094013 -0.092463
v 0.794456 0.094013 -0.075532
v 0.761999 0.094013 -0.044330
v 0.731936 0.094010 -0.023068
v 0.699577 0.094004 -0.002743
v 0.660740 0.093998 0.019380
v 0.637665 0.093995 0.027731
v 0.614327 0.093992 0.035916
v 0.586826 0.093940 0.046055
v 0.563565 0.093814 0.055652
v 0.550446 0.093526 0.072874
v 0.532586 0.094001 0.071046
v 0.526122 0.096337 0.070794
v 0.517816 0.099620 0.070780
v 0.516223 0.087792 0.072405
v 0.517826 0.089237 0.071996
v 0.524623 0.090827 0.072063
v 0.544764 0.091305 0.073138
v 0.569027 0.091363 0.072946
v 0.594781 0.091553 0.072078
v 0.626195 0.091906 0.071598
v 0.653075 0.092107 0.070370
v 0.679127 0.092328 0.068287
v 0.727808 0.092593 0.060508
v 0.768269 0.092849 0.054622
v 0.811882 0.093141 0.044862
v 0.868544 0.093373 0.018752
v 0.890667 0.093467 0.004031
v 0.916231 0.093607 -0.015758
v 0.916212 0.093981 -0.015774
v 0.890648 0.093979 0.004005
v 0.868729 0.093977 0.018584
v 0.811206 0.093969 0.045160
v 0.768332 0.093963 0.054629
v 0.727880 0.093997 0.060537
v 0.679155 0.093973 0.068171
v 0.653081 0.093867 0.070349
v 0.626230 0.093844 0.071519
v 0.595119 0.093779 0.072533
v 0.569128 0.093638 0.074643
v 0.514475 0.100817 0.068984
v 0.513044 0.101171 0.070321
v 0.517567 0.100125 0.066640
v 0.513817 0.087542 0.070225
v 0.515248 0.088310 0.068331
v 0.512968 0.087024 0.071695
v 0.178659 0.080922 -0.349938
v 0.180470 0.081205 -0.346192
v 0.182694 0.083322 -0.344375
v 0.185227 0.084139 -0.341977
v 0.188091 0.083653 -0.339822
v 0.190656 0.081504 -0.337902
v 0.192551 0.081937 -0.335948
v 0.309874 0.096195 -0.252562
v 0.337481 0.096034 -0.243299
v 0.368463 0.095917 -0.235565
v 0.399683 0.096016 -0.232135
v 0.431795 0.096188 -0.233014
v 0.466338 0.096371 -0.240714
v 0.495060 0.096557 -0.250510
v 0.523254 0.093837 -0.264409
v 0.523269 0.094139 -0.264408
v 0.523382 0.094415 -0.264431
v 0.523979 0.094644 -0.264634
v 0.524418 0.094511 -0.264791
v 0.524740 0.094159 -0.264914
v 0.524798 0.093858 -0.264931
v 0.588792 0.093893 -0.211195
v 0.664919 0.093933 -0.183405
v 0.727775 0.093963 -0.173573
v 0.810512 0.093998 -0.190989
v 0.810521 0.094306 -0.190976
v 0.810786 0.094665 -0.190815
v 0.811184 0.094819 -0.190587
v 0.811607 0.094685 -0.190357
v 0.811924 0.094327 -0.190193
v 0.811983 0.094020 -0.190169
v 0.823977 0.094008 -0.114872
v 0.866325 0.094095 -0.052122
v 0.913778 0.093981 -0.013891
v 0.980129 0.093970 0.008005
v 0.980129 0.094416 0.008027
v 0.980202 0.094823 0.008182
v 0.980658 0.095162 0.008997
v 0.980989 0.094910 0.009564
v 0.981224 0.094484 0.009944
v 0.981325 0.094023 0.010101
v 0.981321 0.093569 0.010072
v 0.981224 0.093173 0.009883
v 0.981043 0.092925 0.009553
v 0.980770 0.092819 0.009068
v 0.980322 0.092921 0.008291
v 0.980221 0.093169 0.008131
v 0.980152 0.093555 0.008028
v 0.913795 0.093594 -0.013873
v 0.866341 0.093735 -0.052111
v 0.823988 0.093683 -0.114868
v 0.811990 0.093724 -0.190172
v 0.811923 0.093450 -0.190217
v 0.811800 0.093274 -0.190292
v 0.811276 0.093204 -0.190585
v 0.810730 0.093274 -0.190886
v 0.810612 0.093445 -0.190945
v 0.810534 0.093712 -0.190983
v 0.727791 0.093676 -0.173570
v 0.664930 0.093645 -0.183405
v 0.588799 0.093605 -0.211199
v 0.524800 0.093569 -0.264938
v 0.524721 0.093301 -0.264930
v 0.524589 0.093127 -0.264890
v 0.524040 0.093058 -0.264699
v 0.523593 0.093112 -0.264541
v 0.523351 0.093295 -0.264450
v 0.523273 0.093557 -0.264420
v 0.495060 0.093266 -0.250510
v 0.466338 0.093080 -0.240714
v 0.431795 0.092897 -0.233014
v 0.399683 0.092724 -0.232135
v 0.368467 0.092625 -0.235576
v 0.337482 0.092740 -0.243326
v 0.309874 0.092903 -0.252554
v 0.193209 0.079717 -0.333146
v 0.191762 0.079054 -0.337085
v 0.191271 0.076723 -0.337070
v 0.190326 0.074662 -0.337698
v 0.189008 0.073108 -0.338822
v 0.187104 0.072392 -0.340473
v 0.184992 0.072433 -0.342394
v 0.182488 0.072679 -0.344626
v 0.180292 0.073745 -0.345269
v 0.178473 0.075418 -0.345294
v 0.274407 0.093014 -0.243783
v 0.277599 0.093139 -0.253255
v 0.281346 0.093231 -0.267119
v 0.282034 0.093364 -0.268141
v 0.282276 0.090234 -0.268000
v 0.281761 0.090238 -0.266449
v 0.278008 0.090238 -0.252791
v 0.274808 0.090054 -0.243390
v 0.252798 0.091273 -0.253532
v 0.257130 0.091398 -0.262811
v 0.263974 0.091548 -0.276400
v 0.265008 0.091742 -0.277174
v 0.265409 0.088704 -0.276921
v 0.264656 0.088723 -0.275301
v 0.257846 0.088733 -0.262010
v 0.253498 0.088523 -0.252812
v 0.229124 0.089197 -0.265016
v 0.234279 0.089250 -0.275127
v 0.243030 0.089323 -0.289738
v 0.244444 0.089602 -0.290121
v 0.245016 0.086683 -0.289676
v 0.243963 0.086722 -0.287969
v 0.235306 0.086870 -0.273848
v 0.230141 0.086694 -0.263886
v 0.212283 0.087527 -0.273655
v 0.218675 0.087446 -0.285117
v 0.228472 0.087310 -0.301633
v 0.230494 0.087720 -0.301324
v 0.231542 0.084955 -0.300447
v 0.230249 0.085010 -0.298661
v 0.219808 0.085298 -0.283452
v 0.213482 0.085224 -0.272181
v 0.192863 0.085495 -0.283768
v 0.201844 0.085179 -0.297376
v 0.215043 0.085098 -0.314340
v 0.216713 0.085501 -0.314130
v 0.217528 0.082807 -0.313365
v 0.215982 0.082877 -0.311512
v 0.203077 0.083325 -0.295200
v 0.194278 0.083452 -0.281831
v 0.174280 0.083589 -0.293114
v 0.186088 0.083049 -0.308508
v 0.202465 0.083087 -0.326385
v 0.204516 0.083562 -0.326047
v 0.205296 0.080912 -0.325253
v 0.203444 0.080981 -0.323326
v 0.187470 0.081540 -0.305982
v 0.175972 0.081865 -0.290149
v 0.516922 0.094498 0.043372
v 0.520887 0.094759 0.046543
v 0.524072 0.094433 0.048705
v 0.522061 0.091884 0.051482
v 0.518690 0.091975 0.049785
v 0.514273 0.091939 0.047506
v 0.512590 0.091885 0.046155
v 0.515113 0.092226 0.039371
v 0.523354 0.092138 0.021386
v 0.529944 0.092329 0.002470
v 0.538966 0.092420 -0.019659
v 0.545391 0.092572 -0.039039
v 0.551509 0.092705 -0.057885
v 0.513601 0.092551 -0.078664
v 0.509342 0.092450 -0.059224
v 0.503853 0.092337 -0.039020
v 0.497750 0.092190 -0.015175
v 0.492482 0.092008 0.004316
v 0.487968 0.091991 0.023144
v 0.483903 0.091840 0.035894
v 0.479609 0.091252 0.044963
v 0.474628 0.090998 0.050730
v 0.474509 0.088723 0.052161
v 0.473896 0.086833 0.056419
v 0.472836 0.085867 0.061769
v 0.472266 0.086625 0.065834
v 0.471851 0.088399 0.068489
v 0.471549 0.091151 0.070055
v 0.471429 0.094253 0.070266
v 0.471624 0.097319 0.068781
v 0.472018 0.100207 0.065678
v 0.472717 0.102073 0.060795
v 0.473071 0.099290 0.052324
v 0.470440 0.096202 0.047971
v 0.469371 0.093739 0.045823
v 0.479633 0.093848 0.043288
v 0.483582 0.094381 0.036256
v 0.487662 0.094455 0.022887
v 0.492539 0.094558 0.004236
v 0.497067 0.094625 -0.015216
v 0.503366 0.094668 -0.039037
v 0.509788 0.094693 -0.058850
v 0.516333 0.094612 -0.076566
v 0.551384 0.093905 -0.057783
v 0.544566 0.093884 -0.039437
v 0.537517 0.093902 -0.020391
v 0.529063 0.093915 0.002032
v 0.522074 0.093918 0.020756
v 0.516550 0.093827 0.037104
v 0.515117 0.094350 0.042290
v 0.526082 0.094221 0.049798
v 0.532496 0.093696 0.047290
v 0.550934 0.093873 0.036143
v 0.570641 0.093896 0.023609
v 0.594250 0.093906 0.008832
v 0.614629 0.093913 -0.003621
v 0.636061 0.093920 -0.015404
v 0.655561 0.094002 0.005872
v 0.633852 0.093996 0.017560
v 0.611352 0.093992 0.027904
v 0.584724 0.093958 0.040001
v 0.562244 0.093857 0.051061
v 0.543494 0.093757 0.060051
v 0.532433 0.093983 0.064654
v 0.528828 0.095841 0.065060
v 0.523303 0.098426 0.065260
v 0.519244 0.099950 0.064353
v 0.513138 0.101355 0.068577
v 0.510889 0.101724 0.070473
v 0.517811 0.099735 0.071782
v 0.528140 0.096421 0.071940
v 0.533459 0.094039 0.071957
v 0.550646 0.093690 0.074887
v 0.570307 0.093617 0.078276
v 0.596264 0.093760 0.077394
v 0.628483 0.093814 0.079045
v 0.655763 0.093847 0.078994
v 0.682895 0.093972 0.077879
v 0.682858 0.092270 0.078012
v 0.655756 0.092011 0.079018
v 0.628439 0.091806 0.079098
v 0.596264 0.091275 0.077394
v 0.569696 0.091089 0.075756
v 0.545170 0.091084 0.074946
v 0.526033 0.090641 0.073045
v 0.519781 0.089073 0.072842
v 0.516891 0.087566 0.073310
v 0.510891 0.086495 0.072405
v 0.512493 0.087250 0.069867
v 0.516005 0.088477 0.066549
v 0.518715 0.089112 0.067941
v 0.520577 0.090310 0.068187
v 0.524973 0.091427 0.067193
v 0.540643 0.091879 0.061123
v 0.562540 0.092094 0.051398
v 0.585061 0.092222 0.041338
v 0.611691 0.092431 0.028872
v 0.633984 0.092614 0.017900
v 0.656185 0.092706 0.007708
v 0.633865 0.092726 -0.016390
v 0.612751 0.092556 -0.004529
v 0.592655 0.092442 0.008059
v 0.569193 0.092306 0.022965
v 0.549651 0.092149 0.035491
v 0.531228 0.091939 0.047574
v 0.523962 0.091758 0.052194
v 0.556962 0.093869 -0.095715
v 0.559589 0.093889 -0.132718
v 0.560193 0.093743 -0.171647
v 0.540712 0.093869 -0.196518
v 0.540558 0.094495 -0.196621
v 0.539868 0.095216 -0.196810
v 0.537692 0.095014 -0.197475
v 0.518077 0.094960 -0.153839
v 0.514235 0.094929 -0.117300
v 0.561228 0.093880 -0.201360
v 0.559446 0.093878 -0.218254
v 0.556795 0.093875 -0.238063
v 0.556516 0.093875 -0.240148
v 0.556520 0.093599 -0.240153
v 0.556799 0.093587 -0.238069
v 0.560162 0.093477 -0.217682
v 0.562916 0.093384 -0.199983
v 0.562399 0.093248 -0.168360
v 0.519336 0.093090 -0.189323
v 0.514297 0.093219 -0.220234
v 0.512470 0.093323 -0.237515
v 0.509167 0.093411 -0.257465
v 0.508800 0.093419 -0.259558
v 0.508791 0.095201 -0.259552
v 0.509157 0.095197 -0.257460
v 0.512639 0.095163 -0.237569
v 0.515488 0.095120 -0.220420
v 0.523916 0.094733 -0.190324
v 0.537867 0.093825 -0.188998
v 0.537897 0.094494 -0.188969
v 0.538124 0.095090 -0.188879
v 0.539456 0.095595 -0.188432
v 0.540461 0.095295 -0.188111
v 0.541175 0.094539 -0.187904
v 0.665282 0.093937 -0.044596
v 0.693790 0.093951 -0.070989
v 0.726937 0.093967 -0.098201
v 0.757731 0.094026 -0.072329
v 0.727619 0.094016 -0.043960
v 0.695137 0.094009 -0.019679
v 0.744024 0.093972 -0.136775
v 0.755775 0.093976 -0.158132
v 0.769143 0.093981 -0.182281
v 0.770550 0.093981 -0.184823
v 0.770568 0.093709 -0.184819
v 0.769162 0.093694 -0.182276
v 0.755739 0.093545 -0.158115
v 0.741675 0.093405 -0.136897
v 0.718900 0.093195 -0.098453
v 0.757464 0.093224 -0.067476
v 0.787508 0.093434 -0.104374
v 0.802258 0.093560 -0.126611
v 0.817988 0.093704 -0.152520
v 0.819644 0.093719 -0.155248
v 0.819635 0.094013 -0.155248
v 0.817981 0.094013 -0.152521
v 0.802246 0.094018 -0.126611
v 0.787407 0.094020 -0.104748
v 0.559575 0.092804 -0.093599
v 0.515332 0.092704 -0.117023
v 0.516076 0.092857 -0.153513
v 0.564604 0.092969 -0.126986
v 0.660875 0.092805 -0.045220
v 0.693848 0.093058 -0.070958
v 0.727614 0.093005 -0.041506
v 0.695585 0.092838 -0.018026
v 0.733689 0.094053 0.070379
v 0.777765 0.093904 0.067145
v 0.822175 0.093942 0.060295
v 0.822167 0.093066 0.060347
v 0.777328 0.092688 0.066778
v 0.733309 0.092403 0.069711
v 0.893911 0.093971 0.030827
v 0.917755 0.093972 0.014970
v 0.944069 0.093976 -0.003895
v 0.946838 0.093976 -0.005880
v 0.946857 0.093589 -0.005861
v 0.944088 0.093576 -0.003875
v 0.917774 0.093454 0.015000
v 0.893930 0.093356 0.030865
v 0.256983 0.075566 -0.426513
v 0.257072 0.075670 -0.426665
v 0.256852 0.075505 -0.426408
v 0.257857 0.075618 -0.426790
v 0.257975 0.075683 -0.426937
v 0.257759 0.075576 -0.426683
v 0.257712 0.075670 -0.425917
v 0.257850 0.075788 -0.426042
v 0.257619 0.075622 -0.425766
v 0.253874 0.076134 -0.424123
v 0.254144 0.076265 -0.424444
v 0.253679 0.076076 -0.424013
v 0.255931 0.076269 -0.422035
v 0.256275 0.076442 -0.422544
v 0.255714 0.076002 -0.421594
v 0.248894 0.076900 -0.418995
v 0.249650 0.077258 -0.419917
v 0.248785 0.076836 -0.418890
v 0.252501 0.077331 -0.416431
v 0.253339 0.077620 -0.417265
v 0.252411 0.077275 -0.416321
v 0.250699 0.078182 -0.417546
v 0.251595 0.077979 -0.418408
v 0.250615 0.078197 -0.417466
v 0.262913 0.075566 -0.407301
v 0.263053 0.075670 -0.407377
v 0.262847 0.075528 -0.407222
v 0.263061 0.075616 -0.408116
v 0.263182 0.075683 -0.408233
v 0.263001 0.075588 -0.408051
v 0.262265 0.075670 -0.407963
v 0.262360 0.075786 -0.408089
v 0.262174 0.075637 -0.407903
v 0.260844 0.076175 -0.404233
v 0.261165 0.076272 -0.404521
v 0.260752 0.076095 -0.404066
v 0.259146 0.076391 -0.406055
v 0.259460 0.076486 -0.406397
v 0.258908 0.076288 -0.405945
v 0.258162 0.076714 -0.400554
v 0.258471 0.076945 -0.400702
v 0.257721 0.076400 -0.399765
v 0.255103 0.077066 -0.402917
v 0.255719 0.077306 -0.403465
v 0.254585 0.076920 -0.402585
v 0.255792 0.077808 -0.400725
v 0.256588 0.077695 -0.401505
v 0.255741 0.077811 -0.400674
v 0.260490 0.076432 -0.376987
v 0.260637 0.076580 -0.377096
v 0.260326 0.076316 -0.376798
v 0.260710 0.076521 -0.377641
v 0.260864 0.076600 -0.377729
v 0.260506 0.076410 -0.377548
v 0.260112 0.076314 -0.377606
v 0.260258 0.076451 -0.377741
v 0.259876 0.076191 -0.377491
v 0.258366 0.076906 -0.374945
v 0.258563 0.077092 -0.375103
v 0.258337 0.076688 -0.374836
v 0.257305 0.076688 -0.376856
v 0.257477 0.076851 -0.377020
v 0.257267 0.076439 -0.376784
v 0.253384 0.078573 -0.373752
v 0.253242 0.078582 -0.373651
v 0.254098 0.078725 -0.374245
v 0.254953 0.077859 -0.372544
v 0.255260 0.078000 -0.372675
v 0.254700 0.077699 -0.372154
v 0.254420 0.077633 -0.375592
v 0.254688 0.077770 -0.375795
v 0.253471 0.077418 -0.375340
v 0.239285 0.076426 -0.430418
v 0.239419 0.076576 -0.430589
v 0.239148 0.076358 -0.430324
v 0.240013 0.076507 -0.430667
v 0.240160 0.076594 -0.430853
v 0.239932 0.076445 -0.430534
v 0.239874 0.076316 -0.430003
v 0.240053 0.076452 -0.430153
v 0.239779 0.076248 -0.429849
v 0.236156 0.076761 -0.428094
v 0.236391 0.076981 -0.428349
v 0.236152 0.076682 -0.428119
v 0.238324 0.076209 -0.426266
v 0.238668 0.076541 -0.426732
v 0.238162 0.075803 -0.425868
v 0.233887 0.077518 -0.421246
v 0.233811 0.077537 -0.421119
v 0.234459 0.077478 -0.422312
v 0.232236 0.077061 -0.422906
v 0.232546 0.077545 -0.423692
v 0.232052 0.077053 -0.422627
v 0.235602 0.076189 -0.420696
v 0.236177 0.076680 -0.421337
v 0.235460 0.076127 -0.420490
v 0.169679 0.087150 -0.195389
v 0.196808 0.088346 -0.188226
v 0.229895 0.089822 -0.179185
v 0.260413 0.090869 -0.171579
v 0.298308 0.091165 -0.163586
v 0.330636 0.091416 -0.156055
v 0.363060 0.091655 -0.147588
v 0.395760 0.091887 -0.138535
v 0.428892 0.092113 -0.128912
v 0.462616 0.092334 -0.118342
v 0.497128 0.092546 -0.105791
v 0.514466 0.092627 -0.097844
v 0.532267 0.092717 -0.091721
v 0.533600 0.091773 -0.091352
v 0.534537 0.091102 -0.090993
v 0.536196 0.090914 -0.090320
v 0.538158 0.091181 -0.089481
v 0.539233 0.091831 -0.088816
v 0.542500 0.092714 -0.086257
v 0.555542 0.092755 -0.075742
v 0.569009 0.092803 -0.067061
v 0.604605 0.092808 -0.048549
v 0.632040 0.092812 -0.035620
v 0.647370 0.092766 -0.030805
v 0.664993 0.092730 -0.027478
v 0.668999 0.091816 -0.026636
v 0.670032 0.091164 -0.026070
v 0.671525 0.090414 -0.024336
v 0.672933 0.091141 -0.022597
v 0.673306 0.091817 -0.022054
v 0.673859 0.092816 -0.020195
v 0.675885 0.092772 -0.005159
v 0.680172 0.092736 0.008346
v 0.692054 0.092597 0.040081
v 0.703467 0.092461 0.064398
v 0.708083 0.092336 0.073862
v 0.718210 0.092214 0.087009
v 0.718053 0.090957 0.088103
v 0.717501 0.090118 0.089339
v 0.716863 0.089750 0.092387
v 0.716409 0.090104 0.094448
v 0.716095 0.090976 0.095796
v 0.715887 0.092386 0.096594
v 0.715816 0.094069 0.096728
v 0.715919 0.095731 0.096068
v 0.716211 0.097224 0.094556
v 0.716697 0.098076 0.092231
v 0.717456 0.096901 0.089031
v 0.718280 0.095524 0.088223
v 0.718232 0.094052 0.086932
v 0.708292 0.094013 0.074129
v 0.703518 0.093986 0.064354
v 0.692060 0.093992 0.040010
v 0.680159 0.094001 0.008318
v 0.675349 0.094005 -0.006903
v 0.673402 0.094009 -0.021831
v 0.673249 0.095202 -0.022043
v 0.672364 0.096574 -0.023072
v 0.671201 0.097090 -0.024479
v 0.669883 0.096321 -0.026206
v 0.669422 0.095135 -0.026812
v 0.669393 0.093934 -0.026868
v 0.650671 0.093929 -0.030000
v 0.631984 0.093924 -0.035659
v 0.604560 0.093916 -0.048572
v 0.568878 0.093906 -0.066973
v 0.554173 0.093887 -0.076749
v 0.539891 0.093868 -0.088359
v 0.538951 0.094983 -0.089005
v 0.537868 0.096119 -0.089489
v 0.535819 0.096778 -0.090303
v 0.533590 0.095940 -0.091217
v 0.532763 0.094896 -0.091528
v 0.531121 0.093871 -0.092001
v 0.515284 0.094771 -0.096933
v 0.497041 0.095835 -0.105462
v 0.462616 0.095625 -0.118342
v 0.428892 0.095405 -0.128912
v 0.395760 0.095178 -0.138535
v 0.363060 0.094946 -0.147588
v 0.330636 0.094707 -0.156055
v 0.298308 0.094456 -0.163586
v 0.260406 0.094159 -0.171569
v 0.229899 0.093120 -0.179489
v 0.196767 0.091671 -0.188789
v 0.169464 0.090539 -0.196219
v 0.177566 0.090467 -0.212495
v 0.202471 0.091701 -0.205512
v 0.234858 0.093187 -0.197105
v 0.263279 0.094265 -0.190607
v 0.300828 0.094635 -0.182748
v 0.332891 0.094877 -0.174930
v 0.365158 0.095108 -0.166992
v 0.397793 0.095334 -0.159275
v 0.430943 0.095557 -0.151919
v 0.464756 0.095781 -0.144885
v 0.499391 0.096003 -0.137987
v 0.516156 0.094944 -0.135569
v 0.532921 0.093886 -0.133152
v 0.534675 0.094702 -0.132672
v 0.535478 0.095570 -0.132393
v 0.537341 0.096258 -0.131695
v 0.538949 0.095769 -0.131104
v 0.539998 0.094770 -0.130641
v 0.540932 0.093857 -0.129968
v 0.558275 0.093879 -0.114216
v 0.575619 0.093902 -0.098464
v 0.619811 0.093921 -0.075044
v 0.654917 0.093935 -0.060112
v 0.679536 0.093944 -0.057793
v 0.704155 0.093952 -0.055473
v 0.704193 0.095003 -0.055445
v 0.704732 0.096096 -0.054892
v 0.705910 0.096721 -0.053573
v 0.707007 0.096269 -0.052411
v 0.707840 0.095065 -0.051564
v 0.707994 0.094019 -0.051398
v 0.711378 0.094013 -0.031820
v 0.716480 0.094007 -0.013324
v 0.733541 0.093992 0.027095
v 0.748935 0.093980 0.057473
v 0.755728 0.093978 0.068762
v 0.766841 0.093975 0.082888
v 0.768136 0.095127 0.085332
v 0.767741 0.096286 0.086201
v 0.767305 0.097242 0.088911
v 0.766977 0.096546 0.090879
v 0.766772 0.095305 0.092124
v 0.766699 0.093924 0.092641
v 0.766752 0.092514 0.092489
v 0.766901 0.091347 0.091781
v 0.767116 0.090624 0.090612
v 0.767400 0.090343 0.088822
v 0.767683 0.090663 0.086266
v 0.767780 0.091370 0.084941
v 0.766841 0.092345 0.082888
v 0.755318 0.092545 0.068245
v 0.748688 0.092724 0.057487
v 0.733518 0.092847 0.027151
v 0.716667 0.092938 -0.013413
v 0.711599 0.092921 -0.029766
v 0.708422 0.092917 -0.047311
v 0.707653 0.092109 -0.051244
v 0.707313 0.091516 -0.051910
v 0.706153 0.091245 -0.053426
v 0.704774 0.091530 -0.054839
v 0.703756 0.092098 -0.055323
v 0.699753 0.092884 -0.056096
v 0.677361 0.092932 -0.058089
v 0.654970 0.092979 -0.060082
v 0.619852 0.092978 -0.075023
v 0.575645 0.092982 -0.098447
v 0.562090 0.092887 -0.110293
v 0.548533 0.092792 -0.122139
v 0.541265 0.092198 -0.128383
v 0.539269 0.091694 -0.129919
v 0.537661 0.091469 -0.130867
v 0.536302 0.091611 -0.131613
v 0.535365 0.092146 -0.132030
v 0.532018 0.092849 -0.132549
v 0.515704 0.092780 -0.135268
v 0.499391 0.092712 -0.137987
v 0.464756 0.092489 -0.144885
v 0.430943 0.092266 -0.151919
v 0.397793 0.092043 -0.159275
v 0.365158 0.091817 -0.166992
v 0.332891 0.091585 -0.174930
v 0.300828 0.091344 -0.182748
v 0.263306 0.090981 -0.190685
v 0.234944 0.089904 -0.197110
v 0.202689 0.088415 -0.205373
v 0.178020 0.087165 -0.212107
v 0.162262 0.088353 -0.239887
v 0.187823 0.090096 -0.231934
v 0.210238 0.091505 -0.225294
v 0.240059 0.093107 -0.217405
v 0.266978 0.094252 -0.210922
v 0.303351 0.094863 -0.202208
v 0.334882 0.095071 -0.193740
v 0.366899 0.095276 -0.186193
v 0.399324 0.095494 -0.179678
v 0.432343 0.095713 -0.174627
v 0.466086 0.095936 -0.171308
v 0.500704 0.096168 -0.169967
v 0.520996 0.094847 -0.172081
v 0.536847 0.093827 -0.171083
v 0.537000 0.094574 -0.171033
v 0.537291 0.095248 -0.170919
v 0.538790 0.095818 -0.170398
v 0.539989 0.095447 -0.169998
v 0.540739 0.094629 -0.169773
v 0.540936 0.093874 -0.170001
v 0.558335 0.093885 -0.153641
v 0.581267 0.093898 -0.129343
v 0.633675 0.093926 -0.101026
v 0.676605 0.093946 -0.084724
v 0.710363 0.093959 -0.084595
v 0.736179 0.093969 -0.081867
v 0.736139 0.094883 -0.081780
v 0.736739 0.095889 -0.081252
v 0.737778 0.096381 -0.080284
v 0.738815 0.095989 -0.079348
v 0.739599 0.094940 -0.078668
v 0.739755 0.094029 -0.078545
v 0.742676 0.094021 -0.058145
v 0.745233 0.094012 -0.031960
v 0.764164 0.093992 0.017554
v 0.787049 0.093966 0.051272
v 0.799971 0.093923 0.063720
v 0.813030 0.093885 0.078678
v 0.813943 0.094946 0.079890
v 0.813720 0.095919 0.080373
v 0.813462 0.096737 0.082749
v 0.813251 0.096123 0.084406
v 0.813114 0.095093 0.085476
v 0.813065 0.093944 0.085931
v 0.813101 0.092815 0.085827
v 0.813202 0.091831 0.085250
v 0.813340 0.091233 0.084306
v 0.813508 0.090979 0.082872
v 0.813669 0.091245 0.080615
v 0.813782 0.091849 0.080020
v 0.812996 0.092760 0.078700
v 0.799747 0.092877 0.063563
v 0.787056 0.092983 0.051233
v 0.764194 0.093055 0.017523
v 0.745244 0.093124 -0.031985
v 0.742539 0.093115 -0.054491
v 0.739748 0.093109 -0.076093
v 0.739382 0.092356 -0.078413
v 0.739102 0.091839 -0.078889
v 0.737925 0.091627 -0.080120
v 0.736482 0.091830 -0.081239
v 0.736135 0.092335 -0.081447
v 0.735190 0.093112 -0.081636
v 0.706373 0.093127 -0.084706
v 0.676655 0.093141 -0.084705
v 0.633713 0.093146 -0.101013
v 0.581289 0.093155 -0.129295
v 0.563501 0.093108 -0.147673
v 0.545918 0.093049 -0.163274
v 0.541647 0.092505 -0.166874
v 0.540359 0.092083 -0.167900
v 0.538983 0.091908 -0.168681
v 0.537867 0.092033 -0.169294
v 0.537106 0.092470 -0.169629
v 0.534830 0.093057 -0.169856
v 0.517706 0.092974 -0.171418
v 0.500715 0.092878 -0.170149
v 0.466086 0.092645 -0.171308
v 0.432343 0.092421 -0.174627
v 0.399324 0.092202 -0.179678
v 0.366899 0.091984 -0.186193
v 0.334884 0.091780 -0.193745
v 0.303351 0.091571 -0.202217
v 0.267048 0.090998 -0.210990
v 0.240210 0.089885 -0.217362
v 0.210546 0.088330 -0.225095
v 0.188370 0.086972 -0.231514
v 0.182739 0.086450 -0.269085
v 0.204251 0.088415 -0.260243
v 0.222877 0.090006 -0.252616
v 0.248453 0.091919 -0.242591
v 0.271882 0.093444 -0.233787
v 0.305956 0.095285 -0.221260
v 0.336534 0.095375 -0.212997
v 0.368233 0.095482 -0.206360
v 0.400342 0.095674 -0.201048
v 0.433057 0.095883 -0.198289
v 0.466457 0.096101 -0.198504
v 0.500266 0.096333 -0.201721
v 0.519203 0.094963 -0.206045
v 0.534532 0.093828 -0.211317
v 0.534565 0.094389 -0.211262
v 0.534758 0.094891 -0.211202
v 0.535876 0.095313 -0.210932
v 0.536700 0.095071 -0.210748
v 0.537315 0.094426 -0.210622
v 0.537419 0.093867 -0.210672
v 0.563016 0.093743 -0.185386
v 0.586433 0.093896 -0.162893
v 0.648228 0.093929 -0.133109
v 0.698617 0.093954 -0.117464
v 0.735543 0.093970 -0.118450
v 0.769685 0.093984 -0.121274
v 0.769548 0.094685 -0.120970
v 0.770087 0.095494 -0.120523
v 0.770894 0.095840 -0.119884
v 0.771753 0.095537 -0.119228
v 0.772400 0.094732 -0.118754
v 0.772532 0.094032 -0.118675
v 0.773562 0.094023 -0.088725
v 0.778212 0.094013 -0.059252
v 0.806257 0.093995 -0.003933
v 0.841082 0.093973 0.032257
v 0.862352 0.093959 0.044754
v 0.895287 0.093930 0.056997
v 0.895267 0.094710 0.057037
v 0.895245 0.095405 0.057304
v 0.895201 0.095995 0.058825
v 0.895195 0.095560 0.059898
v 0.895201 0.094838 0.060610
v 0.895216 0.094033 0.060926
v 0.895237 0.093246 0.060878
v 0.895260 0.092555 0.060518
v 0.895279 0.092130 0.059917
v 0.895300 0.091940 0.059006
v 0.895321 0.092112 0.057544
v 0.895317 0.092540 0.057248
v 0.895304 0.093211 0.057047
v 0.862362 0.093229 0.044798
v 0.841361 0.093261 0.032121
v 0.806545 0.093299 -0.004127
v 0.778437 0.093335 -0.059492
v 0.773535 0.093333 -0.086558
v 0.772707 0.093354 -0.117907
v 0.772520 0.092745 -0.119004
v 0.772294 0.092350 -0.119280
v 0.771457 0.092208 -0.120479
v 0.770722 0.092379 -0.121860
v 0.770063 0.092758 -0.122237
v 0.765027 0.093258 -0.122723
v 0.730624 0.093302 -0.118644
v 0.698659 0.093328 -0.117455
v 0.648260 0.093329 -0.133105
v 0.586452 0.093328 -0.162870
v 0.563153 0.093316 -0.184929
v 0.539696 0.093314 -0.209139
v 0.537321 0.092860 -0.211116
v 0.536901 0.092533 -0.211322
v 0.535913 0.092408 -0.211553
v 0.535080 0.092507 -0.211732
v 0.534528 0.092835 -0.211801
v 0.532699 0.093273 -0.211376
v 0.516539 0.093152 -0.205523
v 0.500276 0.093042 -0.201862
v 0.466457 0.092809 -0.198504
v 0.433057 0.092592 -0.198289
v 0.400342 0.092383 -0.201048
v 0.368235 0.092190 -0.206362
v 0.336537 0.092082 -0.213017
v 0.305957 0.091992 -0.221289
v 0.272165 0.090372 -0.233558
v 0.248953 0.088992 -0.242119
v 0.223637 0.087257 -0.251842
v 0.205222 0.085821 -0.259186
v 0.184065 0.084079 -0.267592
v 0.201660 0.083456 -0.347464
v 0.201161 0.084461 -0.349893
v 0.200412 0.085133 -0.352516
v 0.199232 0.085817 -0.354691
v 0.197747 0.086155 -0.356390
v 0.195724 0.086106 -0.357160
v 0.193207 0.085611 -0.357760
v 0.191100 0.084848 -0.358536
v 0.190087 0.068695 -0.360971
v 0.192208 0.069013 -0.358540
v 0.194414 0.069932 -0.356641
v 0.197162 0.069266 -0.355886
v 0.198709 0.068102 -0.354440
v 0.199879 0.067581 -0.352205
v 0.200179 0.067475 -0.348758
v 0.201399 0.069108 -0.345376
v 0.202168 0.071855 -0.343699
v 0.202431 0.074605 -0.343529
v 0.202672 0.077626 -0.343997
v 0.202325 0.080907 -0.345278
v 0.181627 0.078336 -0.356585
v 0.183524 0.081868 -0.357037
v 0.183862 0.082061 -0.360493
v 0.181826 0.077765 -0.362741
v 0.185720 0.082484 -0.368424
v 0.189040 0.082146 -0.375860
v 0.186969 0.077227 -0.376803
v 0.183665 0.078537 -0.369210
v 0.190241 0.082382 -0.378721
v 0.191603 0.082603 -0.381417
v 0.189193 0.076582 -0.383001
v 0.187875 0.076937 -0.380339
v 0.184194 0.073777 -0.368258
v 0.183484 0.076300 -0.368706
v 0.187511 0.074890 -0.376337
v 0.188829 0.073338 -0.375412
v 0.188797 0.074284 -0.379738
v 0.190161 0.073014 -0.378375
v 0.190820 0.073652 -0.382308
v 0.191347 0.072817 -0.380222
v 0.184396 0.082573 -0.363684
v 0.182571 0.077602 -0.365747
v 0.183036 0.074672 -0.365319
v 0.181940 0.075885 -0.361584
v 0.185933 0.084015 -0.358673
v 0.188497 0.084890 -0.361997
v 0.190850 0.084566 -0.365209
v 0.195732 0.082661 -0.372968
v 0.197952 0.081535 -0.376311
v 0.199500 0.078362 -0.379062
v 0.200800 0.077469 -0.383124
v 0.200119 0.075383 -0.382528
v 0.198575 0.073491 -0.378980
v 0.197278 0.073190 -0.375896
v 0.195737 0.073074 -0.373174
v 0.190915 0.070765 -0.366972
v 0.188892 0.069094 -0.363427
v 0.185234 0.070957 -0.359145
v 0.182390 0.074555 -0.356888
v 0.185197 0.071347 -0.362243
v 0.187448 0.070262 -0.365411
v 0.190279 0.071077 -0.367979
v 0.194099 0.072675 -0.373767
v 0.195543 0.072812 -0.376280
v 0.197050 0.072712 -0.378913
v 0.198832 0.074783 -0.382355
v 0.199878 0.077453 -0.384027
v 0.198315 0.080836 -0.380886
v 0.196249 0.082588 -0.377255
v 0.194297 0.083182 -0.373928
v 0.189022 0.084542 -0.366248
v 0.186545 0.084430 -0.363755
v 0.185335 0.083825 -0.360767
v 0.183219 0.073340 -0.361491
v 0.184657 0.072226 -0.365282
v 0.186096 0.071678 -0.367890
v 0.190534 0.072549 -0.374612
v 0.191944 0.072493 -0.377470
v 0.193125 0.072315 -0.379583
v 0.193875 0.072548 -0.381663
v 0.194625 0.083541 -0.380738
v 0.193639 0.084005 -0.377683
v 0.191956 0.083963 -0.374918
v 0.187327 0.083856 -0.367539
v 0.182281 0.079829 -0.361007
v 0.183037 0.080324 -0.364305
v 0.184414 0.080615 -0.369004
v 0.187603 0.079680 -0.376567
v 0.188603 0.079615 -0.379912
v 0.189694 0.079389 -0.382565
v 0.195103 0.072035 -0.378959
v 0.196399 0.072670 -0.381381
v 0.193772 0.072506 -0.376761
v 0.192392 0.072418 -0.374173
v 0.188496 0.070823 -0.367755
v 0.186135 0.083828 -0.365903
v 0.184822 0.082572 -0.366236
v 0.183683 0.080722 -0.366753
v 0.183090 0.078969 -0.367293
v 0.183810 0.082208 -0.353994
v 0.186633 0.084015 -0.356029
v 0.189854 0.084802 -0.360177
v 0.192569 0.084636 -0.363971
v 0.197262 0.083318 -0.372324
v 0.199584 0.081455 -0.375441
v 0.200743 0.079646 -0.378641
v 0.201671 0.077631 -0.383307
v 0.200969 0.075594 -0.382531
v 0.199791 0.073814 -0.379101
v 0.198958 0.073334 -0.375529
v 0.197592 0.073440 -0.372536
v 0.192414 0.070673 -0.365663
v 0.182127 0.079985 -0.353636
v 0.203843 0.086968 -0.362938
v 0.206088 0.086278 -0.360599
v 0.207398 0.085728 -0.357962
v 0.208128 0.083817 -0.354228
v 0.208879 0.083257 -0.349613
v 0.209057 0.080235 -0.346865
v 0.209112 0.077763 -0.345323
v 0.208970 0.075169 -0.345430
v 0.208820 0.072096 -0.346920
v 0.208257 0.069455 -0.350735
v 0.207208 0.069949 -0.355814
v 0.206262 0.071968 -0.358975
v 0.205184 0.072726 -0.360889
v 0.203147 0.073160 -0.362332
v 0.200593 0.073184 -0.363834
v 0.198076 0.073062 -0.365359
v 0.195934 0.072791 -0.366709
v 0.194192 0.072305 -0.367842
v 0.192751 0.071939 -0.368858
v 0.189707 0.071519 -0.369657
v 0.184716 0.075700 -0.371181
v 0.184596 0.078098 -0.371523
v 0.185345 0.080376 -0.371341
v 0.186828 0.082367 -0.370697
v 0.188810 0.084041 -0.369615
v 0.190910 0.084585 -0.368637
v 0.192600 0.084358 -0.367692
v 0.194378 0.084302 -0.366642
v 0.196083 0.085363 -0.365721
v 0.198444 0.086339 -0.364855
v 0.201107 0.086614 -0.363958
v 0.208911 0.084227 -0.363455
v 0.210540 0.084777 -0.360333
v 0.211679 0.083139 -0.357027
v 0.211952 0.083064 -0.351707
v 0.212174 0.080545 -0.347660
v 0.211966 0.078166 -0.346225
v 0.211784 0.075716 -0.346353
v 0.211538 0.072751 -0.348276
v 0.210985 0.071142 -0.352463
v 0.210695 0.072358 -0.357002
v 0.209814 0.073685 -0.359885
v 0.208458 0.073714 -0.362756
v 0.205933 0.073898 -0.364735
v 0.203042 0.074047 -0.366371
v 0.200189 0.073920 -0.367805
v 0.197819 0.073562 -0.369100
v 0.195874 0.073108 -0.370097
v 0.194151 0.072705 -0.370845
v 0.190948 0.072265 -0.371729
v 0.189157 0.072483 -0.372090
v 0.187410 0.073517 -0.372694
v 0.186141 0.075346 -0.373472
v 0.185734 0.077638 -0.373947
v 0.186431 0.080015 -0.373812
v 0.187966 0.082165 -0.373156
v 0.190530 0.084267 -0.372228
v 0.192742 0.084383 -0.371150
v 0.194181 0.083714 -0.370012
v 0.195519 0.084116 -0.369234
v 0.197861 0.085469 -0.368444
v 0.200410 0.086034 -0.367749
v 0.203559 0.085525 -0.367167
v 0.206553 0.086090 -0.366081
v 0.192706 0.072408 -0.371534
v 0.191363 0.071749 -0.369484
v 0.187713 0.071824 -0.370003
v 0.185773 0.073369 -0.370606
v 0.248239 0.074826 -0.393261
v 0.665265 0.093940 -0.109947
v 0.672906 0.093941 -0.125447
v 0.680971 0.093943 -0.142523
v 0.688311 0.093945 -0.160179
v 0.695702 0.093948 -0.178590
v 0.696480 0.093949 -0.180527
v 0.696493 0.093675 -0.180526
v 0.695717 0.093661 -0.178588
v 0.688334 0.093526 -0.160175
v 0.681002 0.093418 -0.142518
v 0.672943 0.093328 -0.125440
v 0.664902 0.093247 -0.109291
v 0.654744 0.093144 -0.093026
v 0.646296 0.093058 -0.080405
v 0.637052 0.092979 -0.067706
v 0.627808 0.092899 -0.055007
v 0.618041 0.092810 -0.042217
v 0.607337 0.092720 -0.029906
v 0.592479 0.092634 -0.014950
v 0.576471 0.092546 -0.000316
v 0.557570 0.092434 0.016853
v 0.541769 0.092319 0.031181
v 0.526567 0.092140 0.045095
v 0.520703 0.091920 0.050799
v 0.514323 0.091710 0.056253
v 0.511210 0.090621 0.059220
v 0.509851 0.089076 0.061067
v 0.506154 0.087075 0.065377
v 0.503379 0.085703 0.070733
v 0.502295 0.085420 0.074049
v 0.499819 0.085157 0.076627
v 0.494992 0.084943 0.074025
v 0.496852 0.085292 0.068909
v 0.500263 0.086365 0.061771
v 0.504156 0.088425 0.053422
v 0.508967 0.089376 0.036493
v 0.514010 0.089719 0.017003
v 0.519171 0.089915 -0.002694
v 0.525238 0.090228 -0.026331
v 0.530283 0.090434 -0.045746
v 0.534481 0.090627 -0.061947
v 0.535824 0.089317 -0.065915
v 0.536217 0.090719 -0.069292
v 0.536878 0.091007 -0.090029
v 0.537539 0.091295 -0.110766
v 0.538220 0.091547 -0.130537
v 0.538901 0.091799 -0.150309
v 0.539462 0.091969 -0.168409
v 0.540022 0.092139 -0.186510
v 0.540257 0.092226 -0.193771
v 0.539288 0.092278 -0.198069
v 0.536256 0.092451 -0.211473
v 0.533310 0.092613 -0.224511
v 0.529333 0.092813 -0.242153
v 0.524231 0.093082 -0.264766
v 0.523693 0.093110 -0.267144
v 0.523731 0.093299 -0.267180
v 0.523750 0.093602 -0.267181
v 0.523744 0.093913 -0.267163
v 0.523710 0.094257 -0.267158
v 0.523601 0.094570 -0.267065
v 0.524132 0.094598 -0.264688
v 0.529179 0.094863 -0.242110
v 0.533169 0.095072 -0.224261
v 0.536162 0.095229 -0.210868
v 0.539266 0.095392 -0.196987
v 0.539937 0.095446 -0.192296
v 0.539805 0.095491 -0.188320
v 0.539206 0.095689 -0.170259
v 0.538607 0.095887 -0.152197
v 0.537900 0.096088 -0.131489
v 0.537193 0.096289 -0.110781
v 0.536530 0.096549 -0.090020
v 0.535869 0.096809 -0.069260
v 0.535324 0.098131 -0.065867
v 0.534129 0.096894 -0.061912
v 0.529950 0.097080 -0.045688
v 0.524915 0.097271 -0.026269
v 0.518848 0.097576 -0.002591
v 0.513756 0.097806 0.017183
v 0.508662 0.098048 0.036090
v 0.505486 0.100847 0.050307
v 0.500558 0.102735 0.058787
v 0.497952 0.103303 0.064623
v 0.495738 0.103938 0.070966
v 0.499943 0.103644 0.073680
v 0.503191 0.103742 0.070241
v 0.504297 0.103319 0.067196
v 0.507306 0.102654 0.062954
v 0.513476 0.100492 0.055602
v 0.515594 0.097623 0.052894
v 0.517151 0.095392 0.051742
v 0.522789 0.094565 0.047834
v 0.527956 0.093757 0.043563
v 0.541910 0.093894 0.031226
v 0.557607 0.093902 0.016843
v 0.576422 0.093908 -0.000354
v 0.592424 0.093911 -0.014987
v 0.607285 0.093915 -0.029940
v 0.617990 0.093920 -0.042248
v 0.627759 0.093924 -0.055034
v 0.637004 0.093928 -0.067731
v 0.646250 0.093931 -0.080428
v 0.654699 0.093935 -0.093042
v 0.613876 0.093913 -0.131305
v 0.618304 0.093913 -0.146719
v 0.622550 0.093913 -0.162728
v 0.625463 0.093913 -0.178761
v 0.627981 0.093914 -0.195655
v 0.628246 0.093914 -0.197433
v 0.628255 0.093639 -0.197435
v 0.627991 0.093626 -0.195657
v 0.625480 0.093505 -0.178762
v 0.622572 0.093410 -0.162730
v 0.618330 0.093328 -0.146708
v 0.614022 0.093256 -0.131577
v 0.608309 0.093150 -0.114073
v 0.603811 0.093062 -0.100225
v 0.598533 0.092980 -0.085974
v 0.593255 0.092898 -0.071724
v 0.587517 0.092806 -0.057310
v 0.580427 0.092714 -0.043560
v 0.570015 0.092627 -0.026479
v 0.558163 0.092537 -0.009765
v 0.544247 0.092433 0.009906
v 0.532786 0.092324 0.026373
v 0.521153 0.092223 0.042508
v 0.516573 0.091969 0.048697
v 0.511992 0.091714 0.054886
v 0.509338 0.090603 0.058256
v 0.507952 0.089016 0.059847
v 0.504672 0.087014 0.064390
v 0.501719 0.085608 0.069991
v 0.500901 0.085361 0.073295
v 0.501286 0.085313 0.075100
v 0.501491 0.085287 0.076061
v 0.505373 0.085569 0.077008
v 0.506935 0.085883 0.072393
v 0.509665 0.087058 0.067701
v 0.516205 0.088852 0.062538
v 0.535861 0.089657 0.052665
v 0.557466 0.089950 0.041123
v 0.579201 0.090169 0.029317
v 0.605122 0.090400 0.015662
v 0.626416 0.090531 0.004462
v 0.644138 0.090387 -0.004947
v 0.649148 0.088819 -0.008490
v 0.653266 0.090479 -0.010968
v 0.670640 0.090859 -0.025363
v 0.688015 0.091237 -0.039759
v 0.705336 0.091414 -0.054263
v 0.722657 0.091590 -0.068767
v 0.737070 0.091748 -0.080783
v 0.751482 0.091906 -0.092799
v 0.757356 0.091988 -0.097837
v 0.761699 0.092093 -0.105071
v 0.771022 0.092309 -0.121297
v 0.780487 0.092529 -0.137773
v 0.794285 0.092847 -0.161799
v 0.810952 0.093246 -0.190763
v 0.812707 0.093288 -0.193811
v 0.812644 0.093465 -0.193856
v 0.812594 0.093747 -0.193877
v 0.812572 0.094042 -0.193877
v 0.812573 0.094365 -0.193880
v 0.812703 0.094689 -0.193772
v 0.810948 0.094728 -0.190722
v 0.794275 0.095101 -0.161738
v 0.780270 0.095414 -0.137392
v 0.770416 0.095635 -0.120263
v 0.760563 0.095855 -0.103134
v 0.757419 0.095926 -0.097669
v 0.751720 0.095971 -0.092942
v 0.737163 0.096091 -0.080857
v 0.722605 0.096209 -0.068773
v 0.705213 0.096351 -0.054354
v 0.687819 0.096493 -0.039936
v 0.670420 0.096635 -0.025503
v 0.653020 0.096777 -0.011069
v 0.648765 0.098256 -0.008654
v 0.643875 0.096846 -0.005065
v 0.626057 0.096972 0.004228
v 0.604701 0.097122 0.015367
v 0.578722 0.097306 0.028928
v 0.556882 0.097423 0.040733
v 0.535816 0.097537 0.052098
v 0.519562 0.099324 0.058784
v 0.510487 0.102212 0.066000
v 0.507490 0.102689 0.069516
v 0.505998 0.102960 0.074446
v 0.501856 0.103626 0.072851
v 0.501867 0.103702 0.071643
v 0.501887 0.103845 0.069376
v 0.502720 0.103444 0.066329
v 0.505702 0.102780 0.061687
v 0.511445 0.100680 0.054130
v 0.513832 0.097849 0.051544
v 0.515091 0.095515 0.050050
v 0.518972 0.094683 0.045047
v 0.522854 0.093851 0.040044
v 0.532602 0.093908 0.026283
v 0.544202 0.093909 0.009887
v 0.558121 0.093908 -0.009782
v 0.569966 0.093903 -0.026482
v 0.580306 0.093910 -0.043497
v 0.587439 0.093911 -0.057286
v 0.593219 0.093911 -0.071739
v 0.598498 0.093911 -0.085993
v 0.603778 0.093912 -0.100247
v 0.608278 0.093912 -0.114100
v 0.774146 0.094001 -0.013703
v 0.793283 0.094003 -0.027759
v 0.812411 0.094013 -0.043037
v 0.829140 0.094036 -0.058821
v 0.847048 0.094068 -0.079015
v 0.848883 0.094068 -0.081215
v 0.848894 0.093738 -0.081208
v 0.847061 0.093724 -0.079007
v 0.829154 0.093553 -0.058811
v 0.812240 0.093428 -0.042847
v 0.793543 0.093315 -0.027972
v 0.774731 0.093212 -0.014145
v 0.755450 0.093086 -0.003872
v 0.742088 0.092990 0.002200
v 0.726023 0.092889 0.009451
v 0.706921 0.092771 0.018006
v 0.686722 0.092659 0.026208
v 0.666522 0.092548 0.034410
v 0.642350 0.092419 0.040581
v 0.618058 0.092296 0.046525
v 0.589450 0.092070 0.054315
v 0.565328 0.091842 0.061456
v 0.542280 0.091732 0.066248
v 0.524144 0.091247 0.069309
v 0.518044 0.089897 0.070382
v 0.516636 0.088535 0.070207
v 0.514576 0.087954 0.069192
v 0.514317 0.087903 0.068061
v 0.514056 0.087852 0.066930
v 0.512817 0.087923 0.065211
v 0.511966 0.087972 0.064029
v 0.508561 0.088016 0.063617
v 0.507937 0.088040 0.063299
v 0.506765 0.088084 0.062703
v 0.506253 0.087980 0.062200
v 0.505508 0.087829 0.061468
v 0.504284 0.087576 0.059087
v 0.502140 0.087359 0.057746
v 0.500998 0.087242 0.057031
v 0.498811 0.088119 0.053457
v 0.496701 0.089845 0.050438
v 0.496365 0.091505 0.050202
v 0.481679 0.091536 0.040590
v 0.467065 0.091571 0.031591
v 0.436234 0.091710 0.011633
v 0.405387 0.091440 -0.007182
v 0.374568 0.091082 -0.024843
v 0.343863 0.090949 -0.041590
v 0.313433 0.090858 -0.057784
v 0.283340 0.090284 -0.073284
v 0.250848 0.090073 -0.089004
v 0.244319 0.089997 -0.085959
v 0.243760 0.089491 -0.082480
v 0.243760 0.085488 -0.080477
v 0.243760 0.083009 -0.077341
v 0.242143 0.081064 -0.068449
v 0.243750 0.083439 -0.059715
v 0.243737 0.085852 -0.056334
v 0.243712 0.092481 -0.054224
v 0.242253 0.092566 -0.044612
v 0.240392 0.092601 -0.031511
v 0.237893 0.092585 -0.018217
v 0.237630 0.095461 -0.017988
v 0.240183 0.095077 -0.031074
v 0.241723 0.094721 -0.042243
v 0.243101 0.094453 -0.050308
v 0.243117 0.099068 -0.052167
v 0.243197 0.103230 -0.056288
v 0.241794 0.106931 -0.066579
v 0.243755 0.103750 -0.079512
v 0.243950 0.098647 -0.083016
v 0.243969 0.093905 -0.084168
v 0.244362 0.093114 -0.087037
v 0.249615 0.093210 -0.090872
v 0.281202 0.093489 -0.076539
v 0.312819 0.093485 -0.058518
v 0.343679 0.093672 -0.041766
v 0.374464 0.093901 -0.024889
v 0.405354 0.094039 -0.007207
v 0.436337 0.094596 0.011626
v 0.466651 0.094720 0.031370
v 0.481537 0.094105 0.039898
v 0.492565 0.093701 0.045847
v 0.494617 0.095694 0.047144
v 0.496261 0.098272 0.048526
v 0.501187 0.102063 0.054525
v 0.502934 0.101825 0.054698
v 0.506212 0.101376 0.055023
v 0.507695 0.101699 0.057045
v 0.508471 0.101767 0.058043
v 0.509005 0.101815 0.058730
v 0.510282 0.101611 0.059410
v 0.510962 0.101504 0.059772
v 0.513772 0.100806 0.060796
v 0.514862 0.100820 0.062521
v 0.516448 0.100841 0.065029
v 0.516265 0.100648 0.066387
v 0.516082 0.100455 0.067745
v 0.519197 0.099098 0.068240
v 0.525763 0.095982 0.067955
v 0.531268 0.093882 0.067672
v 0.547284 0.093539 0.065333
v 0.565238 0.093753 0.061541
v 0.589455 0.093892 0.054054
v 0.618058 0.093969 0.046408
v 0.642351 0.093976 0.040522
v 0.666522 0.093995 0.034352
v 0.686719 0.093996 0.026156
v 0.706915 0.093998 0.017960
v 0.725952 0.093999 0.009455
v 0.742075 0.093999 0.002179
v 0.755428 0.094000 -0.003843
v 0.799035 0.093981 0.028798
v 0.824389 0.093984 0.015988
v 0.849094 0.093992 0.001989
v 0.869440 0.094007 -0.012612
v 0.890886 0.094028 -0.030716
v 0.893112 0.094029 -0.032667
v 0.893129 0.093667 -0.032653
v 0.890903 0.093654 -0.030702
v 0.869457 0.093502 -0.012590
v 0.848885 0.093394 0.002180
v 0.824703 0.093280 0.015809
v 0.799780 0.093169 0.028414
v 0.776241 0.093025 0.036003
v 0.759884 0.092911 0.039728
v 0.741712 0.092796 0.043819
v 0.721146 0.092666 0.048570
v 0.698261 0.092530 0.053347
v 0.675377 0.092395 0.058124
v 0.649887 0.092206 0.061333
v 0.623791 0.092032 0.063881
v 0.593243 0.091745 0.066673
v 0.567945 0.091528 0.069776
v 0.544046 0.091455 0.071095
v 0.524437 0.090934 0.071419
v 0.517823 0.089397 0.071631
v 0.516255 0.087956 0.071879
v 0.513317 0.087237 0.071091
v 0.511549 0.086805 0.071363
v 0.509781 0.086374 0.071634
v 0.507905 0.086300 0.070727
v 0.506614 0.086251 0.070102
v 0.504892 0.086201 0.069139
v 0.504365 0.086190 0.068831
v 0.503373 0.086169 0.068253
v 0.502768 0.086107 0.068002
v 0.501885 0.086018 0.067637
v 0.500056 0.085855 0.066988
v 0.498063 0.085673 0.066374
v 0.497002 0.085576 0.066046
v 0.489931 0.086869 0.060973
v 0.489575 0.089054 0.056008
v 0.489469 0.090967 0.055197
v 0.476398 0.091089 0.048682
v 0.463216 0.091214 0.041934
v 0.432888 0.091345 0.022313
v 0.402052 0.091015 0.004098
v 0.371515 0.090655 -0.014132
v 0.341046 0.090528 -0.031785
v 0.310593 0.090423 -0.048585
v 0.281045 0.090190 -0.065366
v 0.252902 0.090028 -0.082020
v 0.247051 0.089419 -0.084217
v 0.243958 0.089670 -0.083716
v 0.240637 0.089941 -0.083177
v 0.214720 0.089679 -0.070072
v 0.188215 0.089391 -0.060872
v 0.166095 0.089197 -0.055561
v 0.167517 0.093391 -0.054815
v 0.189651 0.093761 -0.061974
v 0.214387 0.093958 -0.069757
v 0.240728 0.093656 -0.084324
v 0.244109 0.093623 -0.085187
v 0.247257 0.093594 -0.085990
v 0.252999 0.093546 -0.084470
v 0.279067 0.093817 -0.068717
v 0.309828 0.093951 -0.050209
v 0.340612 0.093922 -0.032492
v 0.371245 0.094170 -0.014525
v 0.401868 0.094188 0.003722
v 0.431792 0.094243 0.024191
v 0.462081 0.094171 0.040733
v 0.473015 0.093778 0.044923
v 0.481463 0.093486 0.047958
v 0.483928 0.095657 0.050246
v 0.487717 0.098823 0.054176
v 0.497660 0.102968 0.062123
v 0.498878 0.103101 0.062550
v 0.501163 0.103352 0.063352
v 0.502973 0.103296 0.064209
v 0.503778 0.103209 0.064681
v 0.504333 0.103149 0.065005
v 0.505365 0.103083 0.065690
v 0.505916 0.103048 0.066055
v 0.507564 0.102796 0.067339
v 0.508554 0.102520 0.068268
v 0.509995 0.102119 0.069617
v 0.511813 0.101572 0.069695
v 0.513632 0.101026 0.069772
v 0.517905 0.099526 0.070206
v 0.525753 0.096246 0.070158
v 0.531985 0.093944 0.070059
v 0.549803 0.093488 0.070567
v 0.567942 0.093669 0.070749
v 0.593506 0.093812 0.066999
v 0.623816 0.093889 0.063798
v 0.649894 0.093906 0.061293
v 0.675397 0.093981 0.058025
v 0.698276 0.093985 0.053257
v 0.721153 0.093990 0.048489
v 0.741850 0.093985 0.043728
v 0.759874 0.093982 0.039680
v 0.776199 0.093981 0.036025
v 0.526974 0.090517 0.073699
v 0.521083 0.088965 0.073404
v 0.517336 0.087416 0.073913
v 0.509508 0.086143 0.072879
v 0.510372 0.086518 0.071544
v 0.511611 0.087055 0.069628
v 0.514143 0.087869 0.067308
v 0.516509 0.088590 0.065362
v 0.519870 0.089294 0.066945
v 0.522101 0.090436 0.067144
v 0.525493 0.091462 0.066456
v 0.540261 0.091878 0.059752
v 0.561721 0.092134 0.048697
v 0.583867 0.092232 0.037792
v 0.609872 0.092436 0.024096
v 0.630983 0.092665 0.011695
v 0.650135 0.092740 0.001954
v 0.654431 0.092380 -0.004051
v 0.654205 0.090852 -0.004444
v 0.653762 0.089879 -0.005068
v 0.651765 0.088636 -0.007701
v 0.650523 0.089373 -0.009318
v 0.649670 0.089881 -0.010430
v 0.649223 0.090837 -0.010991
v 0.648911 0.092319 -0.011356
v 0.639876 0.092715 -0.009813
v 0.618901 0.092499 -0.000729
v 0.597834 0.092369 0.010804
v 0.572915 0.092223 0.024935
v 0.552183 0.092053 0.036892
v 0.532699 0.091840 0.048439
v 0.520185 0.091569 0.055353
v 0.517427 0.091748 0.054950
v 0.516455 0.091781 0.054431
v 0.514807 0.091838 0.053548
v 0.513523 0.091799 0.052819
v 0.511916 0.091735 0.051889
v 0.510468 0.091599 0.049908
v 0.513315 0.092214 0.038337
v 0.520748 0.092040 0.020004
v 0.525893 0.092263 0.000364
v 0.533645 0.092345 -0.022354
v 0.538074 0.092536 -0.042265
v 0.539659 0.092667 -0.064995
v 0.538460 0.090971 -0.065971
v 0.537830 0.090021 -0.066254
v 0.535955 0.089785 -0.067043
v 0.534956 0.089659 -0.067464
v 0.532604 0.089944 -0.068437
v 0.531339 0.090907 -0.068936
v 0.530904 0.092297 -0.069078
v 0.525439 0.092999 -0.069577
v 0.520452 0.092510 -0.051337
v 0.514980 0.092406 -0.031729
v 0.508006 0.092249 -0.008453
v 0.502831 0.091558 0.010852
v 0.498028 0.092084 0.030531
v 0.494166 0.091951 0.043200
v 0.491459 0.091515 0.046991
v 0.488938 0.091110 0.050521
v 0.485102 0.091007 0.053020
v 0.482989 0.090951 0.054397
v 0.483001 0.088840 0.055619
v 0.482076 0.086764 0.060764
v 0.480688 0.085639 0.066634
v 0.480096 0.086475 0.070812
v 0.479660 0.088338 0.073513
v 0.479329 0.091139 0.075110
v 0.479191 0.094270 0.075332
v 0.479434 0.097322 0.073735
v 0.479843 0.100296 0.070526
v 0.480639 0.102364 0.065340
v 0.481038 0.099028 0.054673
v 0.476971 0.095828 0.049834
v 0.475158 0.093571 0.047405
v 0.478642 0.093583 0.046944
v 0.484966 0.093607 0.046106
v 0.488881 0.093835 0.043859
v 0.493086 0.094081 0.041446
v 0.497516 0.093997 0.030103
v 0.503269 0.094043 0.011620
v 0.507142 0.094822 -0.008852
v 0.513611 0.094566 -0.032469
v 0.520531 0.094096 -0.051216
v 0.527215 0.094026 -0.070013
v 0.541466 0.093902 -0.062940
v 0.536733 0.093878 -0.042946
v 0.531252 0.093898 -0.023572
v 0.524449 0.093917 -0.000362
v 0.518865 0.093922 0.019072
v 0.514537 0.093844 0.036432
v 0.513770 0.094485 0.044975
v 0.515158 0.094960 0.046874
v 0.516387 0.095237 0.048379
v 0.517402 0.095410 0.049528
v 0.519034 0.095116 0.050436
v 0.519994 0.094950 0.050981
v 0.522954 0.094262 0.051590
v 0.534029 0.093723 0.048624
v 0.554125 0.093864 0.037909
v 0.575256 0.093894 0.026005
v 0.600477 0.093905 0.012099
v 0.621533 0.093913 0.000567
v 0.645366 0.093923 -0.011191
v 0.653996 0.094002 0.001050
v 0.630917 0.093995 0.011590
v 0.609335 0.093991 0.022641
v 0.583325 0.093971 0.035970
v 0.561365 0.093887 0.048004
v 0.542523 0.093835 0.058580
v 0.533188 0.094027 0.063690
v 0.530383 0.095817 0.063881
v 0.525229 0.098163 0.063936
v 0.520362 0.099835 0.062830
v 0.516387 0.100777 0.065482
v 0.512248 0.101713 0.068307
v 0.510602 0.101937 0.069643
v 0.509454 0.102092 0.070575
v 0.517808 0.099811 0.072449
v 0.529485 0.096476 0.072703
v 0.534150 0.094070 0.072678
v 0.550805 0.093821 0.076483
v 0.571240 0.093601 0.081156
v 0.597759 0.093745 0.082898
v 0.630198 0.093789 0.085007
v 0.657095 0.093828 0.085834
v 0.685667 0.093972 0.083809
v 0.687021 0.092222 0.086954
v 0.657074 0.091928 0.085936
v 0.630145 0.091727 0.085053
v 0.596852 0.091056 0.079958
v 0.570227 0.090871 0.077984
v 0.545491 0.090908 0.076380
v 0.543299 0.093871 -0.190242
v 0.544748 0.093876 -0.166416
v 0.544712 0.093880 -0.147389
v 0.544732 0.093862 -0.126517
v 0.544752 0.093844 -0.105644
v 0.543020 0.093872 -0.085815
v 0.527651 0.094068 -0.093082
v 0.526557 0.094157 -0.114048
v 0.529247 0.094117 -0.133682
v 0.531939 0.094077 -0.153315
v 0.533375 0.094051 -0.171301
v 0.760758 0.093251 -0.094221
v 0.740092 0.094028 -0.076185
v 0.725559 0.094024 -0.063610
v 0.708385 0.094018 -0.049133
v 0.691212 0.094013 -0.034655
v 0.673627 0.094008 -0.020104
v 0.667226 0.093934 -0.027231
v 0.684302 0.093943 -0.041600
v 0.701306 0.093951 -0.055742
v 0.718310 0.093960 -0.069884
v 0.733191 0.093968 -0.082182
v 0.753174 0.093976 -0.099407
v 0.717065 0.094047 0.085428
v 0.741401 0.094111 0.082961
v 0.765535 0.093975 0.081229
v 0.789670 0.093840 0.079497
v 0.811497 0.093889 0.076921
v 0.840633 0.093924 0.073088
v 0.838009 0.093030 0.073214
v 0.811440 0.092775 0.076923
v 0.789618 0.092535 0.079454
v 0.765488 0.092368 0.081169
v 0.741357 0.092201 0.082883
v 0.717020 0.092228 0.085465
v 0.923149 0.093347 0.042330
v 0.891848 0.093213 0.055762
v 0.891830 0.093933 0.055712
v 0.923130 0.093963 0.042287
v 0.946636 0.093967 0.026654
v 0.976345 0.093971 0.006756
v 0.979471 0.093971 0.004662
v 0.979494 0.093569 0.004683
v 0.976366 0.093557 0.006779
v 0.946657 0.093439 0.026689
v 0.763378 0.093981 -0.120752
v 0.773118 0.093985 -0.138094
v 0.786656 0.093990 -0.161450
v 0.802870 0.093995 -0.189380
v 0.804576 0.093996 -0.192320
v 0.804596 0.093724 -0.192314
v 0.802891 0.093708 -0.189374
v 0.786569 0.093554 -0.161424
v 0.768825 0.093392 -0.138321
v 0.758672 0.093266 -0.121969
v 0.749877 0.093133 -0.105561
v 0.754292 0.093128 -0.097774
v 0.755309 0.092510 -0.097601
v 0.755716 0.092053 -0.097326
v 0.756270 0.091973 -0.096906
v 0.757075 0.091855 -0.096295
v 0.758386 0.092034 -0.095273
v 0.758682 0.092504 -0.095022
v 0.758841 0.093239 -0.094866
v 0.761997 0.093259 -0.094637
v 0.772860 0.093350 -0.112116
v 0.783270 0.093441 -0.129598
v 0.796965 0.093573 -0.154455
v 0.813098 0.093721 -0.183217
v 0.814795 0.093736 -0.186244
v 0.814789 0.094018 -0.186242
v 0.813091 0.094018 -0.183214
v 0.796953 0.094023 -0.154451
v 0.783099 0.094027 -0.130272
v 0.772722 0.094030 -0.113142
v 0.538932 0.093868 -0.209168
v 0.536079 0.093866 -0.222690
v 0.532097 0.093863 -0.240434
v 0.526950 0.093859 -0.263124
v 0.526408 0.093859 -0.265512
v 0.526410 0.093581 -0.265520
v 0.526952 0.093571 -0.263132
v 0.533466 0.093462 -0.239326
v 0.539327 0.093366 -0.220022
v 0.541273 0.093315 -0.207511
v 0.536949 0.094134 -0.196359
v 0.537904 0.093992 -0.192966
f 1 2 3
f 1 3 4
f 5 6 7
f 5 7 8
f 9 10 2
f 9 2 1
f 11 12 8
f 11 8 7
f 13 14 15
f 13 15 16
f 17 18 14
f 17 14 13
f 6 19 20
f 6 20 7
f 2 13 16
f 2 16 3
f 10 17 13
f 10 13 2
f 21 11 7
f 21 7 20
f 16 15 22
f 16 22 23
f 3 16 23
f 3 23 24
f 4 3 24
f 4 24 25
f 26 1 4
f 26 4 25
f 27 9 1
f 27 1 26
f 28 10 9
f 28 9 27
f 29 17 10
f 29 10 28
f 30 18 17
f 30 17 29
f 23 22 31
f 23 31 32
f 24 23 32
f 24 32 33
f 25 24 33
f 25 33 34
f 26 25 34
f 26 34 35
f 27 26 35
f 27 35 36
f 28 27 36
f 28 36 37
f 29 28 37
f 29 37 38
f 30 29 38
f 30 38 39
f 40 41 42
f 40 42 43
f 44 45 46
f 44 46 47
f 48 49 50
f 48 50 51
f 45 44 52
f 45 52 53
f 54 55 56
f 54 56 57
f 58 59 60
f 58 60 61
f 59 58 62
f 59 62 63
f 64 65 66
f 64 66 67
f 68 40 69
f 68 69 70
f 71 72 54
f 71 54 57
f 62 65 64
f 62 64 63
f 52 73 49
f 52 49 53
f 74 75 76
f 74 76 77
f 78 79 75
f 78 75 74
f 79 78 80
f 79 80 81
f 54 72 82
f 54 82 83
f 84 55 54
f 84 54 83
f 77 76 85
f 77 85 86
f 75 62 58
f 75 58 76
f 76 58 61
f 76 61 85
f 65 79 81
f 65 81 66
f 79 65 62
f 79 62 75
f 87 74 77
f 87 77 88
f 48 78 74
f 48 74 87
f 78 48 51
f 78 51 80
f 83 82 70
f 83 70 69
f 89 84 83
f 89 83 69
f 88 77 86
f 88 86 90
f 56 91 92
f 56 92 57
f 57 92 93
f 57 93 71
f 43 89 69
f 43 69 40
f 45 88 90
f 45 90 46
f 49 73 94
f 49 94 50
f 53 87 88
f 53 88 45
f 40 68 95
f 40 95 41
f 49 48 87
f 49 87 53
f 96 97 93
f 96 93 92
f 59 98 99
f 59 99 60
f 63 100 98
f 63 98 59
f 101 64 67
f 101 67 102
f 101 100 63
f 101 63 64
f 91 103 96
f 91 96 92
f 43 42 104
f 43 104 105
f 106 89 43
f 106 43 105
f 107 84 89
f 107 89 106
f 108 55 84
f 108 84 107
f 55 108 109
f 55 109 56
f 56 109 110
f 56 110 91
f 111 103 91
f 111 91 110
f 112 93 97
f 112 97 113
f 114 71 93
f 114 93 112
f 71 114 115
f 71 115 72
f 82 72 115
f 82 115 116
f 70 82 116
f 70 116 117
f 118 68 70
f 118 70 117
f 95 68 118
f 95 118 119
f 105 104 47
f 105 47 46
f 106 105 46
f 106 46 90
f 107 106 90
f 107 90 86
f 108 107 86
f 108 86 85
f 109 108 85
f 109 85 61
f 110 109 61
f 110 61 60
f 111 110 60
f 111 60 99
f 112 113 102
f 112 102 67
f 114 112 67
f 114 67 66
f 115 114 66
f 115 66 81
f 116 115 81
f 116 81 80
f 117 116 80
f 117 80 51
f 118 117 51
f 118 51 50
f 119 118 50
f 119 50 94
f 120 121 122
f 120 122 123
f 121 120 31
f 121 31 124
f 22 125 124
f 22 124 31
f 15 126 125
f 15 125 22
f 14 127 126
f 14 126 15
f 18 128 127
f 18 127 14
f 129 128 18
f 129 18 30
f 129 30 39
f 129 39 130
f 130 39 131
f 130 131 132
f 132 131 123
f 132 123 122
f 121 98 100
f 121 100 122
f 99 98 121
f 99 121 124
f 125 111 99
f 125 99 124
f 126 103 111
f 126 111 125
f 127 96 103
f 127 103 126
f 128 97 96
f 128 96 127
f 113 97 128
f 113 128 129
f 113 129 130
f 113 130 102
f 101 102 130
f 101 130 132
f 100 101 132
f 100 132 122
f 133 134 135
f 133 135 136
f 134 137 138
f 134 138 135
f 137 134 139
f 137 139 140
f 134 133 141
f 134 141 139
f 140 139 142
f 140 142 143
f 139 141 144
f 139 144 142
f 143 142 145
f 143 145 146
f 142 144 147
f 142 147 145
f 136 135 148
f 136 148 149
f 135 138 150
f 135 150 148
f 146 145 151
f 146 151 152
f 145 147 153
f 145 153 151
f 154 155 148
f 154 148 150
f 155 156 149
f 155 149 148
f 156 155 151
f 156 151 153
f 155 154 152
f 155 152 151
f 137 140 35
f 137 35 34
f 140 143 36
f 140 36 35
f 138 137 34
f 138 34 33
f 143 146 37
f 143 37 36
f 150 120 123
f 150 123 154
f 120 150 32
f 120 32 31
f 152 131 39
f 152 39 38
f 131 152 154
f 131 154 123
f 150 138 33
f 150 33 32
f 146 152 38
f 146 38 37
f 133 5 8
f 133 8 141
f 136 6 5
f 136 5 133
f 141 8 12
f 141 12 144
f 144 12 11
f 144 11 147
f 156 20 19
f 156 19 149
f 149 19 6
f 149 6 136
f 153 21 20
f 153 20 156
f 147 11 21
f 147 21 153
f 854 855 450
f 854 450 449
f 855 856 451
f 855 451 450
f 452 451 856
f 452 856 857
f 859 860 455
f 859 455 454
f 358 861 862
f 358 862 359
f 848 849 778
f 848 778 779
f 3138 3202 3141
f 3138 3141 3161
f 852 853 776
f 852 776 777
f 853 854 449
f 853 449 776
f 699 847 848
f 699 848 779
f 858 859 454
f 858 454 453
f 857 858 453
f 857 453 452
f 158 157 169
f 158 169 170
f 172 173 174
f 172 174 175
f 159 158 170
f 159 170 171
f 176 174 173
f 176 173 177
f 167 166 489
f 167 489 490
f 168 167 490
f 168 490 491
f 175 174 178
f 175 178 179
f 170 169 166
f 170 166 167
f 171 170 167
f 171 167 168
f 180 178 174
f 180 174 176
f 166 182 488
f 166 488 489
f 169 183 182
f 169 182 166
f 157 184 183
f 157 183 169
f 185 184 157
f 185 157 158
f 186 185 158
f 186 158 159
f 187 186 159
f 187 159 171
f 188 187 171
f 188 171 168
f 492 188 168
f 492 168 491
f 182 191 487
f 182 487 488
f 183 192 191
f 183 191 182
f 184 193 192
f 184 192 183
f 185 194 193
f 185 193 184
f 186 195 194
f 186 194 185
f 187 196 195
f 187 195 186
f 188 197 196
f 188 196 187
f 492 493 197
f 492 197 188
f 199 205 206
f 199 206 200
f 209 210 211
f 209 211 208
f 207 201 200
f 207 200 206
f 213 212 208
f 213 208 211
f 215 209 208
f 215 208 214
f 205 202 203
f 205 203 206
f 204 207 206
f 204 206 203
f 212 216 214
f 212 214 208
f 218 217 202
f 218 202 205
f 219 218 205
f 219 205 199
f 220 219 199
f 220 199 200
f 201 221 220
f 201 220 200
f 222 221 201
f 222 201 207
f 223 222 207
f 223 207 204
f 223 204 471
f 223 471 472
f 218 225 224
f 218 224 217
f 219 226 225
f 219 225 218
f 220 227 226
f 220 226 219
f 221 228 227
f 221 227 220
f 222 229 228
f 222 228 221
f 223 230 229
f 223 229 222
f 230 223 472
f 230 472 473
f 3271 349 350
f 3271 350 3270
f 352 3266 3267
f 352 3267 409
f 448 358 359
f 448 359 445
f 446 356 357
f 446 357 447
f 352 353 3265
f 352 3265 3266
f 350 351 3269
f 350 3269 3270
f 250 342 343
f 250 343 251
f 252 341 428
f 252 428 429
f 254 250 251
f 254 251 255
f 258 252 429
f 258 429 430
f 259 260 440
f 259 440 441
f 252 258 261
f 252 261 253
f 264 265 262
f 264 262 263
f 267 268 434
f 267 434 435
f 268 267 269
f 268 269 270
f 272 271 436
f 272 436 437
f 344 275 251
f 344 251 343
f 257 256 276
f 257 276 255
f 277 274 263
f 277 263 262
f 271 272 270
f 271 270 269
f 259 278 253
f 259 253 261
f 278 345 340
f 278 340 253
f 345 278 442
f 345 442 443
f 280 281 282
f 280 282 279
f 284 283 279
f 284 279 282
f 283 284 438
f 283 438 439
f 285 277 262
f 285 262 286
f 265 287 286
f 265 286 262
f 281 280 432
f 281 432 433
f 281 268 270
f 281 270 282
f 268 281 433
f 268 433 434
f 284 272 437
f 284 437 438
f 272 284 282
f 272 282 270
f 289 280 279
f 289 279 288
f 283 260 288
f 283 288 279
f 260 283 439
f 260 439 440
f 256 285 286
f 256 286 276
f 287 290 276
f 287 276 286
f 280 289 431
f 280 431 432
f 266 264 263
f 266 263 291
f 274 273 291
f 274 291 263
f 290 254 255
f 290 255 276
f 289 258 430
f 289 430 431
f 278 259 441
f 278 441 442
f 258 289 288
f 258 288 261
f 275 257 255
f 275 255 251
f 260 259 261
f 260 261 288
f 337 231 248
f 337 248 336
f 338 233 410
f 338 410 411
f 247 233 338
f 247 338 339
f 297 296 292
f 297 292 293
f 300 294 412
f 300 412 413
f 301 302 423
f 301 423 424
f 300 303 295
f 300 295 294
f 304 305 306
f 304 306 307
f 309 310 417
f 309 417 418
f 309 311 312
f 309 312 310
f 314 313 419
f 314 419 420
f 248 368 335
f 248 335 336
f 299 298 318
f 299 318 297
f 316 305 304
f 316 304 319
f 312 311 313
f 312 313 314
f 295 303 301
f 295 301 320
f 234 334 426
f 234 426 427
f 321 322 323
f 321 323 324
f 325 321 324
f 325 324 326
f 325 326 421
f 325 421 422
f 304 328 327
f 304 327 319
f 329 328 304
f 329 304 307
f 323 322 415
f 323 415 416
f 324 323 310
f 324 310 312
f 310 323 416
f 310 416 417
f 326 314 420
f 326 420 421
f 326 324 312
f 326 312 314
f 330 331 322
f 330 322 321
f 302 330 321
f 302 321 325
f 302 325 422
f 302 422 423
f 328 318 298
f 328 298 327
f 332 318 328
f 332 328 329
f 322 331 414
f 322 414 415
f 306 305 333
f 306 333 308
f 305 316 315
f 305 315 333
f 296 297 318
f 296 318 332
f 331 300 413
f 331 413 414
f 320 301 424
f 320 424 425
f 303 300 331
f 303 331 330
f 297 293 317
f 297 317 299
f 301 303 330
f 301 330 302
f 161 333 315
f 161 315 164
f 162 309 418
f 162 418 190
f 311 309 162
f 311 162 163
f 313 165 198
f 313 198 419
f 165 313 311
f 165 311 163
f 308 333 161
f 308 161 160
f 203 470 471
f 203 471 204
f 202 469 470
f 202 470 203
f 334 320 425
f 334 425 426
f 336 335 317
f 336 317 293
f 292 337 336
f 292 336 293
f 294 338 411
f 294 411 412
f 339 338 294
f 339 294 295
f 341 234 427
f 341 427 428
f 342 369 244
f 342 244 343
f 366 344 343
f 366 343 244
f 240 345 443
f 240 443 444
f 345 361 243
f 345 243 340
f 347 366 244
f 347 244 348
f 369 349 348
f 369 348 244
f 350 349 368
f 350 368 248
f 351 350 248
f 351 248 231
f 233 352 409
f 233 409 410
f 247 353 352
f 247 352 233
f 354 364 365
f 354 365 362
f 353 354 3264
f 353 3264 3265
f 346 3262 3263
f 346 3263 355
f 361 346 355
f 361 355 243
f 243 355 354
f 243 354 362
f 3264 354 355
f 3264 355 3263
f 340 341 252
f 340 252 253
f 362 341 340
f 362 340 243
f 240 363 361
f 240 361 345
f 364 354 353
f 364 353 247
f 339 334 364
f 339 364 247
f 320 334 339
f 320 339 295
f 234 365 364
f 234 364 334
f 362 365 234
f 362 234 341
f 347 348 3272
f 347 3272 3273
f 344 366 241
f 344 241 367
f 232 368 349
f 232 349 369
f 3272 348 349
f 3272 349 3271
f 335 368 232
f 335 232 370
f 342 370 232
f 342 232 369
f 3269 351 372
f 3269 372 3268
f 373 372 351
f 373 351 231
f 374 373 231
f 374 231 337
f 375 374 337
f 375 337 292
f 296 376 375
f 296 375 292
f 377 376 296
f 377 296 332
f 378 377 332
f 378 332 329
f 379 378 329
f 379 329 307
f 307 306 380
f 307 380 379
f 306 308 381
f 306 381 380
f 181 381 308
f 181 308 160
f 382 189 164
f 382 164 315
f 383 382 315
f 383 315 316
f 316 319 384
f 316 384 383
f 327 385 384
f 327 384 319
f 298 386 385
f 298 385 327
f 387 386 298
f 387 298 299
f 317 388 387
f 317 387 299
f 335 389 388
f 335 388 317
f 390 389 335
f 390 335 370
f 391 390 370
f 391 370 342
f 392 391 342
f 392 342 250
f 254 393 392
f 254 392 250
f 394 393 254
f 394 254 290
f 395 394 290
f 395 290 287
f 396 395 287
f 396 287 265
f 265 264 397
f 265 397 396
f 264 266 398
f 264 398 397
f 217 468 469
f 217 469 202
f 400 399 273
f 400 273 274
f 274 277 401
f 274 401 400
f 285 402 401
f 285 401 277
f 256 403 402
f 256 402 285
f 404 403 256
f 404 256 257
f 275 405 404
f 275 404 257
f 406 405 275
f 406 275 344
f 407 406 344
f 407 344 367
f 372 409 3267
f 372 3267 3268
f 373 410 409
f 373 409 372
f 374 411 410
f 374 410 373
f 375 412 411
f 375 411 374
f 376 413 412
f 376 412 375
f 377 414 413
f 377 413 376
f 378 415 414
f 378 414 377
f 379 416 415
f 379 415 378
f 380 417 416
f 380 416 379
f 381 418 417
f 381 417 380
f 181 190 418
f 181 418 381
f 382 419 198
f 382 198 189
f 383 420 419
f 383 419 382
f 384 421 420
f 384 420 383
f 385 422 421
f 385 421 384
f 386 423 422
f 386 422 385
f 387 424 423
f 387 423 386
f 388 425 424
f 388 424 387
f 389 426 425
f 389 425 388
f 390 427 426
f 390 426 389
f 391 428 427
f 391 427 390
f 392 429 428
f 392 428 391
f 393 430 429
f 393 429 392
f 394 431 430
f 394 430 393
f 395 432 431
f 395 431 394
f 396 433 432
f 396 432 395
f 397 434 433
f 397 433 396
f 398 435 434
f 398 434 397
f 224 467 468
f 224 468 217
f 400 437 436
f 400 436 399
f 401 438 437
f 401 437 400
f 402 439 438
f 402 438 401
f 403 440 439
f 403 439 402
f 404 441 440
f 404 440 403
f 405 442 441
f 405 441 404
f 406 443 442
f 406 442 405
f 407 444 443
f 407 443 406
f 3121 446 447
f 3121 447 3120
f 357 3119 3120
f 357 3120 447
f 450 3118 3119
f 450 3119 357
f 451 3137 3118
f 451 3118 450
f 3136 3137 451
f 3136 451 452
f 3136 452 453
f 3136 453 3135
f 3135 453 454
f 3135 454 3134
f 455 3133 3134
f 455 3134 454
f 3133 455 358
f 3133 358 3132
f 448 3131 3132
f 448 3132 358
f 3131 448 445
f 3131 445 3130
f 357 356 449
f 357 449 450
f 456 267 435
f 456 435 457
f 458 457 435
f 458 435 398
f 459 458 398
f 459 398 266
f 459 3299 480
f 459 480 479
f 480 3299 460
f 480 460 481
f 461 460 273
f 461 273 399
f 462 461 399
f 462 399 436
f 462 436 271
f 462 271 463
f 464 463 271
f 464 271 269
f 456 464 269
f 456 269 267
f 465 475 476
f 465 476 466
f 467 466 476
f 467 476 477
f 468 467 477
f 468 477 478
f 469 468 478
f 469 478 479
f 470 469 479
f 470 479 480
f 471 470 480
f 471 480 481
f 472 471 481
f 472 481 482
f 473 472 482
f 473 482 483
f 474 473 483
f 474 483 484
f 465 474 484
f 465 484 475
f 475 464 456
f 475 456 476
f 477 476 456
f 477 456 457
f 478 477 457
f 478 457 458
f 479 478 458
f 479 458 459
f 482 481 460
f 482 460 461
f 483 482 461
f 483 461 462
f 484 483 462
f 484 462 463
f 475 484 463
f 475 463 464
f 486 485 495
f 486 495 496
f 487 486 496
f 487 496 497
f 488 487 497
f 488 497 498
f 489 488 498
f 489 498 499
f 490 489 499
f 490 499 500
f 491 490 500
f 491 500 501
f 502 492 491
f 502 491 501
f 502 503 493
f 502 493 492
f 494 493 503
f 494 503 504
f 504 495 485
f 504 485 494
f 496 495 163
f 496 163 162
f 497 496 162
f 497 162 190
f 498 497 190
f 498 190 181
f 499 498 181
f 499 181 160
f 500 499 160
f 500 160 161
f 501 500 161
f 501 161 164
f 189 502 501
f 189 501 164
f 189 198 503
f 189 503 502
f 504 503 198
f 504 198 165
f 163 495 504
f 163 504 165
f 506 518 517
f 506 517 505
f 520 523 522
f 520 522 521
f 507 519 518
f 507 518 506
f 524 525 521
f 524 521 522
f 515 816 815
f 515 815 514
f 516 817 816
f 516 816 515
f 523 527 526
f 523 526 522
f 518 515 514
f 518 514 517
f 519 516 515
f 519 515 518
f 528 524 522
f 528 522 526
f 514 815 814
f 514 814 530
f 517 514 530
f 517 530 531
f 505 517 531
f 505 531 532
f 533 506 505
f 533 505 532
f 534 507 506
f 534 506 533
f 535 519 507
f 535 507 534
f 536 516 519
f 536 519 535
f 818 817 516
f 818 516 536
f 530 814 813
f 530 813 539
f 531 530 539
f 531 539 540
f 532 531 540
f 532 540 541
f 533 532 541
f 533 541 542
f 534 533 542
f 534 542 543
f 535 534 543
f 535 543 544
f 536 535 544
f 536 544 545
f 818 536 545
f 818 545 819
f 547 548 554
f 547 554 553
f 557 556 559
f 557 559 558
f 555 554 548
f 555 548 549
f 561 559 556
f 561 556 560
f 563 562 556
f 563 556 557
f 553 554 551
f 553 551 550
f 552 551 554
f 552 554 555
f 560 556 562
f 560 562 564
f 566 553 550
f 566 550 565
f 567 547 553
f 567 553 566
f 568 548 547
f 568 547 567
f 549 548 568
f 549 568 569
f 570 555 549
f 570 549 569
f 571 552 555
f 571 555 570
f 571 798 797
f 571 797 552
f 566 565 572
f 566 572 573
f 567 566 573
f 567 573 574
f 568 567 574
f 568 574 575
f 569 568 575
f 569 575 576
f 570 569 576
f 570 576 577
f 571 570 577
f 571 577 578
f 578 799 798
f 578 798 571
f 3275 3276 692
f 3275 692 691
f 3285 3205 3144
f 3285 3144 3284
f 780 445 359
f 780 359 699
f 446 775 698
f 446 698 356
f 694 3291 3292
f 694 3292 695
f 692 3276 3277
f 692 3277 693
f 594 595 687
f 594 687 686
f 685 596 760
f 685 760 759
f 598 599 595
f 598 595 594
f 596 602 761
f 596 761 760
f 604 603 772
f 604 772 771
f 596 597 605
f 596 605 602
f 608 607 606
f 608 606 609
f 612 611 766
f 612 766 765
f 612 614 613
f 612 613 611
f 615 616 768
f 615 768 767
f 688 687 595
f 688 595 619
f 601 599 620
f 601 620 600
f 621 606 607
f 621 607 618
f 615 613 614
f 615 614 616
f 603 605 597
f 603 597 622
f 622 597 684
f 622 684 689
f 622 689 774
f 622 774 773
f 624 623 626
f 624 626 625
f 628 626 623
f 628 623 627
f 628 627 770
f 628 770 769
f 629 630 606
f 629 606 621
f 609 606 630
f 609 630 631
f 624 625 764
f 624 764 763
f 625 626 614
f 625 614 612
f 625 612 765
f 625 765 764
f 616 628 769
f 616 769 768
f 616 614 626
f 616 626 628
f 633 632 623
f 633 623 624
f 627 623 632
f 627 632 604
f 627 604 771
f 627 771 770
f 600 620 630
f 600 630 629
f 631 630 620
f 631 620 634
f 633 624 763
f 633 763 762
f 610 635 607
f 610 607 608
f 618 607 635
f 618 635 617
f 634 620 599
f 634 599 598
f 602 633 762
f 602 762 761
f 603 622 773
f 603 773 772
f 602 605 632
f 602 632 633
f 619 595 599
f 619 599 601
f 604 632 605
f 604 605 603
f 681 680 592
f 681 592 579
f 3206 3207 3148
f 3206 3148 3149
f 591 683 682
f 591 682 581
f 641 637 636
f 641 636 640
f 638 644 744
f 638 744 743
f 646 645 755
f 646 755 754
f 644 638 639
f 644 639 647
f 648 651 650
f 648 650 649
f 654 653 749
f 654 749 748
f 653 654 656
f 653 656 655
f 657 658 751
f 657 751 750
f 592 680 679
f 592 679 706
f 643 641 662
f 643 662 642
f 660 663 648
f 660 648 649
f 656 658 657
f 656 657 655
f 639 664 645
f 639 645 647
f 678 582 758
f 678 758 757
f 665 668 667
f 665 667 666
f 669 670 668
f 669 668 665
f 670 669 753
f 670 753 752
f 648 663 671
f 648 671 672
f 673 651 648
f 673 648 672
f 666 667 747
f 666 747 746
f 668 656 654
f 668 654 667
f 667 654 748
f 667 748 747
f 658 670 752
f 658 752 751
f 670 658 656
f 670 656 668
f 674 665 666
f 674 666 675
f 646 669 665
f 646 665 674
f 669 646 754
f 669 754 753
f 672 671 642
f 672 642 662
f 676 673 672
f 676 672 662
f 675 666 746
f 675 746 745
f 650 652 677
f 650 677 649
f 649 677 659
f 649 659 660
f 640 676 662
f 640 662 641
f 644 675 745
f 644 745 744
f 645 664 756
f 645 756 755
f 647 674 675
f 647 675 644
f 641 643 661
f 641 661 637
f 645 646 674
f 645 674 647
f 509 512 659
f 509 659 677
f 653 510 538
f 653 538 749
f 655 511 510
f 655 510 653
f 513 657 750
f 513 750 546
f 513 511 655
f 513 655 657
f 652 508 509
f 652 509 677
f 551 552 797
f 551 797 796
f 550 551 796
f 550 796 795
f 664 678 757
f 664 757 756
f 680 637 661
f 680 661 679
f 636 637 680
f 636 680 681
f 682 638 743
f 682 743 742
f 683 639 638
f 683 638 682
f 582 685 759
f 582 759 758
f 686 687 588
f 686 588 707
f 705 588 687
f 705 687 688
f 689 240 444
f 689 444 774
f 689 684 587
f 689 587 701
f 347 690 588
f 347 588 705
f 707 588 690
f 707 690 691
f 692 592 706
f 692 706 691
f 693 579 592
f 693 592 692
f 3205 3206 3149
f 3205 3149 3144
f 591 581 694
f 591 694 695
f 696 702 704
f 696 704 703
f 695 3292 3293
f 695 3293 696
f 346 697 3294
f 346 3294 3262
f 701 587 697
f 701 697 346
f 587 702 696
f 587 696 697
f 3293 3294 697
f 3293 697 696
f 684 597 596
f 684 596 685
f 702 587 684
f 702 684 685
f 240 689 701
f 240 701 363
f 703 591 695
f 703 695 696
f 683 591 703
f 683 703 678
f 664 639 683
f 664 683 678
f 582 678 703
f 582 703 704
f 702 685 582
f 702 582 704
f 347 3273 3274
f 347 3274 690
f 688 367 241
f 688 241 705
f 580 707 691
f 580 691 706
f 3274 3275 691
f 3274 691 690
f 679 708 580
f 679 580 706
f 686 707 580
f 686 580 708
f 3282 3283 3152
f 3282 3152 3153
f 3154 3155 3153
f 3154 3153 3152
f 3156 3157 3155
f 3156 3155 3154
f 710 636 681
f 710 681 709
f 640 636 710
f 640 710 711
f 712 676 640
f 712 640 711
f 713 673 676
f 713 676 712
f 714 651 673
f 714 673 713
f 651 714 715
f 651 715 650
f 650 715 716
f 650 716 652
f 529 508 652
f 529 652 716
f 717 659 512
f 717 512 537
f 718 660 659
f 718 659 717
f 660 718 719
f 660 719 663
f 671 663 719
f 671 719 720
f 642 671 720
f 642 720 721
f 722 643 642
f 722 642 721
f 661 643 722
f 661 722 723
f 679 661 723
f 679 723 724
f 725 708 679
f 725 679 724
f 726 686 708
f 726 708 725
f 727 594 686
f 727 686 726
f 598 594 727
f 598 727 728
f 729 634 598
f 729 598 728
f 730 631 634
f 730 634 729
f 731 609 631
f 731 631 730
f 609 731 732
f 609 732 608
f 608 732 733
f 608 733 610
f 565 550 795
f 565 795 794
f 735 618 617
f 735 617 734
f 618 735 736
f 618 736 621
f 629 621 736
f 629 736 737
f 600 629 737
f 600 737 738
f 739 601 600
f 739 600 738
f 619 601 739
f 619 739 740
f 741 688 619
f 741 619 740
f 407 367 688
f 407 688 741
f 3152 3283 3284
f 3152 3284 3144
f 3154 3152 3144
f 3154 3144 3149
f 3156 3154 3149
f 3156 3149 3148
f 710 709 742
f 710 742 743
f 711 710 743
f 711 743 744
f 712 711 744
f 712 744 745
f 713 712 745
f 713 745 746
f 714 713 746
f 714 746 747
f 715 714 747
f 715 747 748
f 716 715 748
f 716 748 749
f 529 716 749
f 529 749 538
f 717 537 546
f 717 546 750
f 718 717 750
f 718 750 751
f 719 718 751
f 719 751 752
f 720 719 752
f 720 752 753
f 721 720 753
f 721 753 754
f 722 721 754
f 722 754 755
f 723 722 755
f 723 755 756
f 724 723 756
f 724 756 757
f 725 724 757
f 725 757 758
f 726 725 758
f 726 758 759
f 727 726 759
f 727 759 760
f 728 727 760
f 728 760 761
f 729 728 761
f 729 761 762
f 730 729 762
f 730 762 763
f 731 730 763
f 731 763 764
f 732 731 764
f 732 764 765
f 733 732 765
f 733 765 766
f 572 565 794
f 572 794 793
f 735 734 767
f 735 767 768
f 736 735 768
f 736 768 769
f 737 736 769
f 737 769 770
f 738 737 770
f 738 770 771
f 739 738 771
f 739 771 772
f 740 739 772
f 740 772 773
f 741 740 773
f 741 773 774
f 407 741 774
f 407 774 444
f 3121 3122 775
f 3121 775 446
f 698 775 3122
f 698 3122 3123
f 776 698 3123
f 776 3123 3124
f 777 776 3124
f 777 3124 3125
f 3141 3202 3203
f 3141 3203 3159
f 3159 3160 3161
f 3159 3161 3141
f 779 778 3126
f 779 3126 3127
f 3127 3128 699
f 3127 699 779
f 780 699 3128
f 780 3128 3129
f 3129 3130 445
f 3129 445 780
f 698 776 449
f 698 449 356
f 766 611 781
f 766 781 782
f 783 733 766
f 783 766 782
f 784 610 733
f 784 733 783
f 785 635 610
f 785 610 784
f 786 617 635
f 786 635 785
f 787 734 617
f 787 617 786
f 788 767 734
f 788 734 787
f 615 767 788
f 615 788 789
f 790 613 615
f 790 615 789
f 781 611 613
f 781 613 790
f 791 792 802
f 791 802 801
f 802 792 793
f 802 793 803
f 794 804 803
f 794 803 793
f 795 805 804
f 795 804 794
f 796 806 805
f 796 805 795
f 797 807 806
f 797 806 796
f 798 808 807
f 798 807 797
f 799 809 808
f 799 808 798
f 809 799 800
f 809 800 810
f 791 801 810
f 791 810 800
f 801 802 781
f 801 781 790
f 782 781 802
f 782 802 803
f 804 783 782
f 804 782 803
f 805 784 783
f 805 783 804
f 806 785 784
f 806 784 805
f 807 786 785
f 807 785 806
f 808 787 786
f 808 786 807
f 809 788 787
f 809 787 808
f 789 788 809
f 789 809 810
f 801 790 789
f 801 789 810
f 812 822 821
f 812 821 811
f 822 812 813
f 822 813 823
f 814 824 823
f 814 823 813
f 815 825 824
f 815 824 814
f 816 826 825
f 816 825 815
f 817 827 826
f 817 826 816
f 828 827 817
f 828 817 818
f 828 818 819
f 828 819 829
f 829 819 820
f 829 820 830
f 830 820 811
f 830 811 821
f 822 510 511
f 822 511 821
f 538 510 822
f 538 822 823
f 824 529 538
f 824 538 823
f 825 508 529
f 825 529 824
f 826 509 508
f 826 508 825
f 827 512 509
f 827 509 826
f 537 512 827
f 537 827 828
f 537 828 829
f 537 829 546
f 513 546 829
f 513 829 830
f 511 513 830
f 511 830 821
f 363 701 346
f 363 346 361
f 347 705 241
f 347 241 366
f 359 862 847
f 359 847 699
f 455 860 861
f 455 861 358
f 847 845 838
f 847 838 848
f 838 837 849
f 838 849 848
f 837 836 850
f 837 850 849
f 836 835 851
f 836 851 850
f 834 852 851
f 834 851 835
f 834 833 853
f 834 853 852
f 833 831 854
f 833 854 853
f 831 832 855
f 831 855 854
f 832 844 856
f 832 856 855
f 856 844 843
f 856 843 857
f 843 842 858
f 843 858 857
f 842 841 859
f 842 859 858
f 841 840 860
f 841 860 859
f 861 860 840
f 861 840 846
f 862 861 846
f 862 846 839
f 847 862 839
f 847 839 845
f 2297 3532 3533
f 2297 3533 2296
f 2302 3527 3528
f 2302 3528 2301
f 3527 2302 2803
f 3527 2803 3526
f 3520 3084 2306
f 3520 2306 3519
f 3518 2307 2406
f 3518 2406 3517
f 3611 2290 2291
f 3611 2291 3610
f 3616 2315 2316
f 3616 2316 3615
f 2315 3616 3617
f 2315 3617 2824
f 3063 3511 3512
f 3063 3512 2311
f 3514 2387 2310
f 3514 2310 3513
f 2309 3515 3516
f 2309 3516 2308
f 3522 2997 2305
f 3522 2305 3521
f 2312 2976 3621
f 2312 3621 3510
f 2910 2304 3523
f 2910 3523 3524
f 2313 2889 3619
f 2313 3619 3620
f 3513 2310 2311
f 3513 2311 3512
f 2307 3518 3519
f 2307 3519 2306
f 2326 2327 2572
f 2326 2572 2573
f 2567 2332 2805
f 2567 2805 2806
f 2334 2665 2907
f 2334 2907 2908
f 2335 2664 2994
f 2335 2994 2995
f 2337 2673 2674
f 2337 2674 2336
f 2673 2337 2404
f 2673 2404 2672
f 2669 2389 2340
f 2669 2340 2668
f 2668 2340 2341
f 2668 2341 2667
f 2663 2342 2978
f 2663 2978 2979
f 2891 2892 2662
f 2891 2662 2343
f 2345 2566 2821
f 2345 2821 2822
f 2560 2561 2320
f 2560 2320 2321
f 2568 2331 2332
f 2568 2332 2567
f 2566 2345 2346
f 2566 2346 2565
f 2569 2330 2331
f 2569 2331 2568
f 2565 2346 2347
f 2565 2347 2564
f 3615 2316 2317
f 3615 2317 3614
f 3529 2300 2301
f 3529 2301 3528
f 2570 2329 2330
f 2570 2330 2569
f 2564 2347 2348
f 2564 2348 2563
f 3614 2317 2318
f 3614 2318 3613
f 3530 2299 2300
f 3530 2300 3529
f 2571 2328 2329
f 2571 2329 2570
f 2563 2348 2349
f 2563 2349 2562
f 3613 2318 2319
f 3613 2319 3612
f 3531 2298 2299
f 3531 2299 3530
f 2572 2327 2328
f 2572 2328 2571
f 2562 2349 2320
f 2562 2320 2561
f 3612 2319 2290
f 3612 2290 3611
f 3532 2297 2298
f 3532 2298 3531
f 3081 3082 2336
f 3081 2336 2674
f 3066 2667 2341
f 3066 2341 3065
f 3317 3318 2101
f 3317 2101 2084
f 3310 3095 2080
f 3310 2080 3309
f 3308 2079 2415
f 3308 2415 3307
f 2792 3316 3317
f 2792 3317 2084
f 2158 2159 3503
f 2158 3503 3504
f 2158 3504 3505
f 2158 3505 2836
f 3051 3405 3406
f 3051 3406 2154
f 3408 2377 2153
f 3408 2153 3407
f 2155 2964 3509
f 2155 3509 3404
f 3311 3312 3008
f 3311 3008 2081
f 3508 2156 2877
f 3508 2877 3507
f 2921 2082 3313
f 2921 3313 3314
f 2079 3308 3309
f 2079 3309 2080
f 3407 2153 2154
f 3407 2154 3406
f 1275 1276 1004
f 1275 1004 1005
f 3463 1003 1238
f 3463 1238 3462
f 1276 3464 3465
f 1276 3465 1004
f 1010 1795 1796
f 1010 1796 1011
f 1794 1795 1010
f 1794 1010 1274
f 1013 3454 3455
f 1013 3455 1791
f 1787 1788 1278
f 1787 1278 1014
f 1796 3470 3471
f 1796 3471 1011
f 1015 1013 1791
f 1015 1791 1792
f 1653 1654 1279
f 1653 1279 1016
f 3440 1659 1018
f 3440 1018 3439
f 1659 1660 1019
f 1659 1019 1018
f 1662 1663 1020
f 1662 1020 1273
f 1663 1652 1021
f 1663 1021 1020
f 1652 3485 3486
f 1652 3486 1021
f 1283 3359 3360
f 1283 3360 1024
f 1027 1022 1240
f 1027 1240 1241
f 1284 1285 1028
f 1284 1028 1023
f 3358 963 964
f 3358 964 3357
f 1551 3380 3381
f 1551 3381 1030
f 1550 1551 1030
f 1550 1030 1281
f 1544 1545 1033
f 1544 1033 1032
f 1553 1554 1287
f 1553 1287 1035
f 1552 1553 1035
f 1552 1035 1031
f 3335 1546 1036
f 3335 1036 3334
f 1037 2600 3365
f 1037 3365 3366
f 2599 2600 1037
f 2599 1037 1282
f 1040 1039 1770
f 1040 1770 1771
f 2601 1775 1286
f 2601 1286 1041
f 1774 2601 1041
f 1774 1041 1038
f 1042 3349 3350
f 1042 3350 1772
f 2200 2201 1016
f 2200 1016 1279
f 3496 2165 2166
f 3496 2166 3495
f 2354 2294 3535
f 2354 3535 3536
f 2559 2322 2323
f 2559 2323 2558
f 3606 3607 2352
f 3606 2352 2555
f 3604 3605 1021
f 3604 1021 3486
f 3548 3549 1032
f 3548 1032 1033
f 1287 3593 3594
f 1287 3594 1035
f 3594 3595 1031
f 3594 1031 1035
f 3658 3659 3333
f 3658 3333 1070
f 3598 3599 3495
f 3598 3495 2166
f 3654 3655 1066
f 3654 1066 3327
f 3660 3661 1058
f 3660 1058 1057
f 1288 3695 3696
f 1288 3696 1060
f 3696 3697 1061
f 3696 1061 1060
f 2558 2323 2351
f 2558 2351 2557
f 3648 3649 2577
f 3648 2577 2353
f 3546 3547 3334
f 3546 3334 1036
f 3538 3539 3439
f 3538 3439 1018
f 3698 3699 1073
f 3698 1073 3382
f 2202 3704 3705
f 2202 3705 1075
f 3650 3651 3438
f 3650 3438 1065
f 3656 3657 2171
f 3656 2171 3431
f 3544 3545 2172
f 3544 2172 3430
f 3542 3543 1043
f 3542 1043 3326
f 3700 3701 3494
f 3700 3494 2167
f 3706 3707 1062
f 3706 1062 3487
f 3596 3597 1030
f 3596 1030 3381
f 2201 3602 3603
f 2201 3603 1016
f 3609 2292 2293
f 3609 2293 3608
f 1104 1167 1166
f 1104 1166 1103
f 1106 1103 1166
f 1106 1166 1170
f 1109 1108 1164
f 1109 1164 1163
f 1293 1294 1110
f 1293 1110 1169
f 1266 1267 1084
f 1266 1084 1085
f 874 1083 1237
f 874 1237 873
f 1267 1268 1089
f 1267 1089 1084
f 1083 1086 1236
f 1083 1236 1237
f 1254 1255 1164
f 1254 1164 1108
f 1109 1163 1169
f 1109 1169 1110
f 1102 1261 1262
f 1102 1262 1124
f 1232 1123 1101
f 1232 1101 1231
f 2248 2249 1076
f 2248 1076 1077
f 2247 2248 1077
f 2247 1077 1264
f 2253 2242 1079
f 2253 1079 1080
f 2250 2251 1270
f 2250 1270 1081
f 2249 2250 1081
f 2249 1081 1076
f 2245 2246 1078
f 2245 1078 1234
f 2242 2243 1082
f 2242 1082 1079
f 1091 2289 2278
f 1091 2278 1092
f 1093 1092 2278
f 1093 2278 2279
f 2282 1094 1235
f 2282 1235 2281
f 1265 2283 2284
f 1265 2284 1095
f 1096 1095 2284
f 1096 2284 2285
f 2286 1097 1096
f 2286 1096 2285
f 2287 1269 1097
f 2287 1097 2286
f 3433 3434 3330
f 3433 3330 2229
f 1100 1099 1121
f 1100 1121 1122
f 1098 1102 1124
f 1098 1124 1125
f 1054 1053 1126
f 1054 1126 1111
f 1112 1111 1126
f 1112 1126 1127
f 1128 1113 1229
f 1128 1229 1230
f 1259 1260 1129
f 1259 1129 1114
f 1115 1114 1129
f 1115 1129 1130
f 1115 1130 1046
f 1115 1046 1056
f 1721 1722 1271
f 1721 1271 1049
f 1712 1713 1116
f 1712 1116 1050
f 1713 1714 1117
f 1713 1117 1116
f 1717 1118 1233
f 1717 1233 1716
f 1718 1719 1119
f 1718 1119 1263
f 1719 1720 1120
f 1719 1120 1119
f 1720 1721 1049
f 1720 1049 1120
f 1051 1050 1116
f 1051 1116 1121
f 1116 1117 1122
f 1116 1122 1121
f 1118 1123 1232
f 1118 1232 1233
f 1262 1263 1119
f 1262 1119 1124
f 1119 1120 1125
f 1119 1125 1124
f 1120 1049 1048
f 1120 1048 1125
f 2170 3432 3433
f 2170 3433 2229
f 1099 1100 1127
f 1099 1127 1126
f 1101 1128 1230
f 1101 1230 1231
f 1261 1102 1129
f 1261 1129 1260
f 1102 1098 1130
f 1102 1130 1129
f 3384 2225 1072
f 3384 1072 3383
f 3490 1098 1125
f 3490 1125 3489
f 3332 1071 2222
f 3332 2222 3331
f 1131 1308 1309
f 1131 1309 1132
f 1310 1296 1132
f 1310 1132 1309
f 1134 1314 1315
f 1134 1315 1135
f 1136 1135 1315
f 1136 1315 1316
f 1252 1320 1321
f 1252 1321 1138
f 1131 1138 1321
f 1131 1321 1308
f 1139 1350 1351
f 1139 1351 1140
f 1352 1291 1140
f 1352 1140 1351
f 1142 1356 1357
f 1142 1357 1143
f 1144 1143 1357
f 1144 1357 1358
f 1257 1362 1363
f 1257 1363 1146
f 1139 1146 1363
f 1139 1363 1350
f 1147 1336 1337
f 1147 1337 1148
f 1338 1292 1148
f 1338 1148 1337
f 1150 1342 1343
f 1150 1343 1151
f 1152 1151 1343
f 1152 1343 1344
f 1256 1348 1349
f 1256 1349 1154
f 1147 1154 1349
f 1147 1349 1336
f 1366 1290 1155
f 1366 1155 1365
f 1157 1370 1371
f 1157 1371 1158
f 1159 1158 1371
f 1159 1371 1372
f 1375 1160 1228
f 1375 1228 1374
f 1258 1376 1377
f 1258 1377 1161
f 1162 1161 1377
f 1162 1377 1364
f 1162 1364 1365
f 1162 1365 1155
f 1167 1328 1329
f 1167 1329 1166
f 1170 1166 1329
f 1170 1329 1330
f 1163 1164 1335
f 1163 1335 1322
f 1324 1293 1169
f 1324 1169 1323
f 1255 1334 1335
f 1255 1335 1164
f 1163 1322 1323
f 1163 1323 1169
f 1171 3578 3579
f 1171 3579 1172
f 3580 1295 1172
f 3580 1172 3579
f 1174 3564 3565
f 1174 3565 1175
f 1176 1175 3565
f 1176 3565 3566
f 1253 3576 3577
f 1253 3577 1178
f 1171 1178 3577
f 1171 3577 3578
f 2434 1380 2435
f 1317 1179 1136
f 1317 1136 1316
f 3567 1180 1176
f 3567 1176 3566
f 1106 1170 1182
f 1106 1182 1181
f 1331 1182 1170
f 1331 1170 1330
f 1345 1183 1152
f 1345 1152 1344
f 1359 1184 1144
f 1359 1144 1358
f 1373 1185 1159
f 1373 1159 1372
f 1187 1186 1112
f 1187 1112 1127
f 1100 1188 1187
f 1100 1187 1127
f 1188 1100 1122
f 1188 1122 1189
f 1117 1190 1189
f 1117 1189 1122
f 1714 1715 1190
f 1714 1190 1117
f 2243 2244 1191
f 2243 1191 1082
f 2280 1192 1093
f 2280 1093 2279
f 1194 1193 1090
f 1194 1090 1087
f 1088 1195 1194
f 1088 1194 1087
f 1091 1196 2288
f 1091 2288 2289
f 2252 2253 1080
f 2252 1080 1197
f 1723 1712 1050
f 1723 1050 1198
f 2324 2325 2574
f 2324 2574 2575
f 3535 2294 2295
f 3535 2295 3534
f 1660 1661 1200
f 1660 1200 1019
f 1201 1015 1792
f 1201 1792 1793
f 1202 1009 1006
f 1202 1006 1203
f 3461 1203 1006
f 3461 1006 3460
f 1012 1205 1789
f 1012 1789 1790
f 1657 1658 1017
f 1657 1017 1206
f 1207 3325 3326
f 1207 3326 1043
f 1546 1547 1404
f 1546 1404 1036
f 1042 1772 1773
f 3356 1208 1029
f 3356 1029 3355
f 1210 1209 1025
f 1210 1025 1026
f 1039 1211 1769
f 1039 1769 1770
f 1543 1544 1032
f 1543 1032 1212
f 3549 3550 1212
f 3549 1212 1032
f 3661 3662 1213
f 3661 1213 1058
f 1157 1215 1369
f 1157 1369 1370
f 1142 1216 1355
f 1142 1355 1356
f 1150 1217 1341
f 1150 1341 1342
f 1167 1218 1327
f 1167 1327 1328
f 1104 1219 1218
f 1104 1218 1167
f 1174 1220 3563
f 1174 3563 3564
f 1134 1221 1313
f 1134 1313 1314
f 1318 1222 1179
f 1318 1179 1317
f 3568 1223 1180
f 3568 1180 3567
f 1181 1182 1225
f 1181 1225 1224
f 1332 1225 1182
f 1332 1182 1331
f 1346 1226 1183
f 1346 1183 1345
f 1360 1227 1184
f 1360 1184 1359
f 1374 1228 1185
f 1374 1185 1373
f 1230 1229 1186
f 1230 1186 1187
f 1188 1231 1230
f 1188 1230 1187
f 1231 1188 1189
f 1231 1189 1232
f 1190 1233 1232
f 1190 1232 1189
f 1715 1716 1233
f 1715 1233 1190
f 2244 2245 1234
f 2244 1234 1191
f 2281 1235 1192
f 2281 1192 2280
f 1237 1236 1193
f 1237 1193 1194
f 1195 873 1237
f 1195 1237 1194
f 1196 903 898
f 1196 898 2288
f 953 2252 1197
f 953 1197 875
f 944 1723 1198
f 944 1198 872
f 2325 2326 2573
f 2325 2573 2574
f 3534 2295 2296
f 3534 2296 3533
f 1661 948 868
f 1661 868 1200
f 866 1201 1793
f 866 1793 956
f 864 1202 1203
f 864 1203 1238
f 3462 1238 1203
f 3462 1203 3461
f 1205 959 1001
f 1205 1001 1789
f 961 1656 1657
f 961 1657 1206
f 1239 3324 3325
f 1239 3325 1207
f 2174 3428 3429
f 2174 3429 2173
f 1547 1548 966
f 1547 966 1404
f 1042 1773 1002
f 1042 1002 1768
f 3357 964 1208
f 3357 1208 3356
f 1241 1240 1209
f 1241 1209 1210
f 1764 1769 1211
f 1764 1211 1765
f 1542 1543 1212
f 1542 1212 1242
f 3550 3551 1242
f 3550 1242 1212
f 3662 3663 1243
f 3662 1243 1213
f 1215 1245 1368
f 1215 1368 1369
f 1216 1246 1354
f 1216 1354 1355
f 1217 1247 1340
f 1217 1340 1341
f 1218 1248 1326
f 1218 1326 1327
f 1219 1249 1248
f 1219 1248 1218
f 1220 1250 3562
f 1220 3562 3563
f 1221 1251 1312
f 1221 1312 1313
f 1378 2433 2432
f 1137 1319 1320
f 1137 1320 1252
f 1177 3575 3576
f 1177 3576 1253
f 1107 1165 1255
f 1107 1255 1254
f 1165 1333 1334
f 1165 1334 1255
f 1153 1347 1348
f 1153 1348 1256
f 1145 1361 1362
f 1145 1362 1257
f 1160 1375 1376
f 1160 1376 1258
f 1113 1128 1260
f 1113 1260 1259
f 1101 1261 1260
f 1101 1260 1128
f 1261 1101 1123
f 1261 1123 1262
f 1123 1118 1263
f 1123 1263 1262
f 1717 1718 1263
f 1717 1263 1118
f 2246 2247 1264
f 2246 1264 1078
f 1094 2282 2283
f 1094 2283 1265
f 1086 1083 1267
f 1086 1267 1266
f 1083 874 1268
f 1083 1268 1267
f 899 902 1269
f 899 1269 2287
f 2251 954 876
f 2251 876 1270
f 1722 945 871
f 1722 871 1271
f 2560 2321 2322
f 2560 2322 2559
f 3610 2291 2292
f 3610 2292 3609
f 947 1662 1273
f 947 1273 867
f 955 1794 1274
f 955 1274 865
f 863 1003 1276
f 863 1276 1275
f 1003 3463 3464
f 1003 3464 1276
f 1788 1000 960
f 1788 960 1278
f 1654 1655 962
f 1654 962 1279
f 962 2199 2200
f 962 2200 1279
f 3497 2164 2165
f 3497 2165 3496
f 965 1549 1550
f 965 1550 1281
f 2598 2599 1282
f 2598 1282 967
f 963 3358 3359
f 963 3359 1283
f 1022 1027 1285
f 1022 1285 1284
f 1286 1775 3942
f 1286 3942 3943
f 1554 1555 1034
f 1554 1034 1287
f 1034 3592 3593
f 1034 3593 1287
f 1059 3694 3695
f 1059 3695 1288
f 1367 1156 1290
f 1367 1290 1366
f 1353 1141 1291
f 1353 1291 1352
f 1339 1149 1292
f 1339 1292 1338
f 1325 1168 1293
f 1325 1293 1324
f 1168 1105 1294
f 1168 1294 1293
f 3581 1173 1295
f 3581 1295 3580
f 1311 1133 1296
f 1311 1296 1310
f 1297 1131 1132
f 1296 1298 1132
f 1133 1299 1296
f 1301 1251 1221
f 1302 1221 1134
f 1302 1134 1135
f 1303 1135 1136
f 1179 1303 1136
f 1222 1304 1179
f 1306 1137 1252
f 1307 1252 1138
f 1297 1138 1131
f 1308 1171 1172
f 1308 1172 1309
f 1295 1310 1309
f 1295 1309 1172
f 1173 1311 1310
f 1173 1310 1295
f 1313 1312 1250
f 1313 1250 1220
f 1314 1313 1220
f 1314 1220 1174
f 1314 1174 1175
f 1314 1175 1315
f 1316 1315 1175
f 1316 1175 1176
f 1180 1317 1316
f 1180 1316 1176
f 1223 1318 1317
f 1223 1317 1180
f 1319 1177 1253
f 1319 1253 1320
f 1320 1253 1178
f 1320 1178 1321
f 1308 1321 1178
f 1308 1178 1171
f 1322 1147 1148
f 1322 1148 1323
f 1292 1324 1323
f 1292 1323 1148
f 1149 1325 1324
f 1149 1324 1292
f 1327 1326 1247
f 1327 1247 1217
f 1328 1327 1217
f 1328 1217 1150
f 1328 1150 1151
f 1328 1151 1329
f 1330 1329 1151
f 1330 1151 1152
f 1183 1331 1330
f 1183 1330 1152
f 1226 1332 1331
f 1226 1331 1183
f 1333 1153 1256
f 1333 1256 1334
f 1334 1256 1154
f 1334 1154 1335
f 1322 1335 1154
f 1322 1154 1147
f 1336 1139 1140
f 1336 1140 1337
f 1291 1338 1337
f 1291 1337 1140
f 1141 1339 1338
f 1141 1338 1291
f 1341 1340 1246
f 1341 1246 1216
f 1342 1341 1216
f 1342 1216 1142
f 1342 1142 1143
f 1342 1143 1343
f 1344 1343 1143
f 1344 1143 1144
f 1184 1345 1344
f 1184 1344 1144
f 1227 1346 1345
f 1227 1345 1184
f 1347 1145 1257
f 1347 1257 1348
f 1348 1257 1146
f 1348 1146 1349
f 1336 1349 1146
f 1336 1146 1139
f 1350 1162 1155
f 1350 1155 1351
f 1290 1352 1351
f 1290 1351 1155
f 1156 1353 1352
f 1156 1352 1290
f 1355 1354 1245
f 1355 1245 1215
f 1356 1355 1215
f 1356 1215 1157
f 1356 1157 1158
f 1356 1158 1357
f 1358 1357 1158
f 1358 1158 1159
f 1185 1359 1358
f 1185 1358 1159
f 1228 1360 1359
f 1228 1359 1185
f 1160 1361 1360
f 1160 1360 1228
f 1361 1160 1258
f 1361 1258 1362
f 1362 1258 1161
f 1362 1161 1363
f 1350 1363 1161
f 1350 1161 1162
f 1365 1364 2520
f 1365 2520 2521
f 1366 1365 2521
f 1366 2521 2522
f 1367 1366 2522
f 1367 2522 2523
f 1369 1368 2510
f 1369 2510 2511
f 1370 1369 2511
f 1370 2511 2512
f 1371 1370 2512
f 1371 2512 2513
f 1372 1371 2513
f 1372 2513 2514
f 1373 1372 2514
f 1373 2514 2515
f 1374 1373 2515
f 1374 2515 2516
f 2516 2517 1375
f 2516 1375 1374
f 1376 1375 2517
f 1376 2517 2518
f 1377 1376 2518
f 1377 2518 2519
f 1364 1377 2519
f 1364 2519 2520
f 1380 2436 2435
f 3446 1406 1383
f 3446 1383 3445
f 1406 1407 1384
f 1406 1384 1383
f 1407 1408 1385
f 1407 1385 1384
f 1408 880 879
f 1408 879 1385
f 1386 878 877
f 1386 877 1409
f 1387 1386 1409
f 1387 1409 1410
f 1388 1387 1410
f 1388 1410 1411
f 3480 1388 1411
f 3480 1411 3479
f 1390 1389 1412
f 1390 1412 1413
f 970 1390 1413
f 970 1413 971
f 968 1414 1391
f 968 1391 969
f 1414 1415 1382
f 1414 1382 1391
f 1393 1392 1427
f 1393 1427 1416
f 1394 1393 1416
f 1394 1416 1417
f 1395 1394 1417
f 1395 1417 1418
f 1419 1396 1395
f 1419 1395 1418
f 1396 1397 1669
f 1396 1669 1668
f 1398 1397 1420
f 1398 1420 1421
f 1399 1398 1421
f 1399 1421 1422
f 1400 1399 1422
f 1400 1422 1423
f 1401 1400 1423
f 1401 1423 1424
f 1402 1401 1424
f 1402 1424 1425
f 883 1402 1425
f 883 1425 884
f 1403 882 881
f 1403 881 1426
f 1392 1403 1426
f 1392 1426 1427
f 1405 2361 2360
f 2173 3429 3430
f 2173 3430 2172
f 1468 1469 3743
f 1468 3743 3744
f 1469 1470 3742
f 1469 3742 3743
f 1470 887 3741
f 1470 3741 3742
f 888 1471 1409
f 888 1409 877
f 1471 1472 1410
f 1471 1410 1409
f 1472 1473 1411
f 1472 1411 1410
f 1473 3478 3479
f 1473 3479 1411
f 1464 1465 1413
f 1464 1413 1412
f 1465 978 971
f 1465 971 1413
f 979 1466 3747
f 979 3747 3748
f 1466 1467 3746
f 1466 3746 3747
f 3447 1468 3744
f 3447 3744 3745
f 1479 1480 1417
f 1479 1417 1416
f 1480 1481 1418
f 1480 1418 1417
f 1481 1482 1419
f 1481 1419 1418
f 1482 1483 1420
f 1482 1420 1419
f 1483 1484 1421
f 1483 1421 1420
f 1484 1485 1422
f 1484 1422 1421
f 1485 1474 1423
f 1485 1423 1422
f 1474 1475 1424
f 1474 1424 1423
f 1475 1476 1425
f 1475 1425 1424
f 1476 885 884
f 1476 884 1425
f 886 1477 1426
f 886 1426 881
f 1477 1478 1427
f 1477 1427 1426
f 1478 1479 1416
f 1478 1416 1427
f 1454 1455 1429
f 1454 1429 1428
f 1455 1456 1430
f 1455 1430 1429
f 1456 1457 1431
f 1456 1431 1430
f 1458 1459 3773
f 1458 3773 3774
f 1459 1460 3772
f 1459 3772 3773
f 1460 1461 3771
f 1460 3771 3772
f 3342 1462 3769
f 3342 3769 3770
f 1462 1463 3768
f 1462 3768 3769
f 1463 975 3767
f 1463 3767 3768
f 972 1452 1438
f 972 1438 973
f 1452 1453 1439
f 1452 1439 1438
f 1453 3373 3374
f 1453 3374 1439
f 1441 1440 1438
f 1441 1438 1439
f 3375 1441 1439
f 3375 1439 3374
f 1443 1442 1428
f 1443 1428 1429
f 1444 1443 1429
f 1444 1429 1430
f 1445 1444 1430
f 1445 1430 1431
f 1432 1433 1447
f 1432 1447 1446
f 1433 1434 1448
f 1433 1448 1447
f 1434 1435 1449
f 1434 1449 1448
f 3341 1436 1450
f 3341 1450 3340
f 1436 1437 1451
f 1436 1451 1450
f 1437 974 977
f 1437 977 1451
f 1440 976 973
f 1440 973 1438
f 1452 2839 2840
f 1452 2840 1453
f 3373 1453 2840
f 3373 2840 3372
f 1455 1454 2841
f 1455 2841 2842
f 2843 1456 1455
f 2843 1455 2842
f 2844 1457 1456
f 2844 1456 2843
f 2784 1459 1458
f 2784 1458 2783
f 2785 1460 1459
f 2785 1459 2784
f 1461 1460 2785
f 1461 2785 2786
f 1462 3342 3343
f 1462 3343 2787
f 1463 1462 2787
f 1463 2787 2788
f 975 1463 2788
f 975 2788 2789
f 972 2838 2839
f 972 2839 1452
f 2831 1465 1464
f 2831 1464 2830
f 2832 978 1465
f 2832 1465 2831
f 2796 1466 979
f 2796 979 2795
f 2797 1467 1466
f 2797 1466 2796
f 1468 3447 3448
f 1468 3448 2798
f 2799 1469 1468
f 2799 1468 2798
f 1470 1469 2799
f 1470 2799 2800
f 887 1470 2800
f 887 2800 2801
f 888 2826 2827
f 888 2827 1471
f 1471 2827 2828
f 1471 2828 1472
f 1472 2828 2829
f 1472 2829 1473
f 3478 1473 2829
f 3478 2829 3477
f 2818 1475 1474
f 2818 1474 2817
f 2819 1476 1475
f 2819 1475 2818
f 2820 885 1476
f 2820 1476 2819
f 2808 1477 886
f 2808 886 2807
f 2809 1478 1477
f 2809 1477 2808
f 1478 2809 2810
f 1478 2810 1479
f 1480 1479 2810
f 1480 2810 2811
f 1481 1480 2811
f 1481 2811 2812
f 1482 1481 2812
f 1482 2812 2813
f 2814 1483 1482
f 2814 1482 2813
f 1483 2814 2815
f 1483 2815 1484
f 1484 2815 2816
f 1484 2816 1485
f 2817 1474 1485
f 2817 1485 2816
f 1447 1487 1486
f 1447 1486 1446
f 1448 1488 1487
f 1448 1487 1447
f 1489 1488 1448
f 1489 1448 1449
f 1490 3339 3340
f 1490 3340 1450
f 1490 1450 1451
f 1490 1451 1491
f 1451 977 1492
f 1451 1492 1491
f 1493 976 1440
f 1493 1440 1494
f 1494 1440 1441
f 1494 1441 1495
f 1441 3375 3376
f 1441 3376 1495
f 1497 1496 1442
f 1497 1442 1443
f 1444 1498 1497
f 1444 1497 1443
f 1445 1499 1498
f 1445 1498 1444
f 1487 1501 1500
f 1487 1500 1486
f 1488 1502 1501
f 1488 1501 1487
f 1503 1502 1488
f 1503 1488 1489
f 1504 3338 3339
f 1504 3339 1490
f 1504 1490 1491
f 1504 1491 1505
f 1491 1492 1506
f 1491 1506 1505
f 1507 1493 1494
f 1507 1494 1508
f 1508 1494 1495
f 1508 1495 1509
f 1495 3376 3377
f 1495 3377 1509
f 1511 1510 1496
f 1511 1496 1497
f 1498 1512 1511
f 1498 1511 1497
f 1499 1513 1512
f 1499 1512 1498
f 1501 1515 1514
f 1501 1514 1500
f 1502 1516 1515
f 1502 1515 1501
f 1517 1516 1502
f 1517 1502 1503
f 1518 3337 3338
f 1518 3338 1504
f 1518 1504 1505
f 1518 1505 1519
f 1505 1506 1520
f 1505 1520 1519
f 1521 1507 1508
f 1521 1508 1522
f 1522 1508 1509
f 1522 1509 1523
f 1509 3377 3378
f 1509 3378 1523
f 1525 1524 1510
f 1525 1510 1511
f 1512 1526 1525
f 1512 1525 1511
f 1513 1527 1526
f 1513 1526 1512
f 1515 1529 1528
f 1515 1528 1514
f 1516 1530 1529
f 1516 1529 1515
f 1531 1530 1516
f 1531 1516 1517
f 1532 3336 3337
f 1532 3337 1518
f 1532 1518 1519
f 1532 1519 1533
f 1519 1520 1534
f 1519 1534 1533
f 1535 1521 1522
f 1535 1522 1536
f 1536 1522 1523
f 1536 1523 1537
f 1523 3378 3379
f 1523 3379 1537
f 1539 1538 1524
f 1539 1524 1525
f 1526 1540 1539
f 1526 1539 1525
f 1527 1541 1540
f 1527 1540 1526
f 1529 1543 1542
f 1529 1542 1528
f 1530 1544 1543
f 1530 1543 1529
f 1545 1544 1530
f 1545 1530 1531
f 1546 3335 3336
f 1546 3336 1532
f 1546 1532 1533
f 1546 1533 1547
f 1533 1534 1548
f 1533 1548 1547
f 1549 1535 1536
f 1549 1536 1550
f 1550 1536 1537
f 1550 1537 1551
f 1537 3379 3380
f 1537 3380 1551
f 1553 1552 1538
f 1553 1538 1539
f 1540 1554 1553
f 1540 1553 1539
f 1541 1555 1554
f 1541 1554 1540
f 1765 3016 3017
f 1765 3017 1764
f 1766 3015 3016
f 1766 3016 1765
f 3014 3015 1766
f 3014 1766 1767
f 3013 3347 3348
f 3013 3348 1768
f 3012 3013 1768
f 3012 1768 1002
f 3011 3012 1002
f 3011 1002 998
f 2962 999 2628
f 2962 2628 2961
f 2961 2628 2627
f 2961 2627 2960
f 3368 2960 2627
f 3368 2627 3367
f 2958 2959 2626
f 2958 2626 2625
f 2624 2957 2958
f 2624 2958 2625
f 2623 2956 2957
f 2623 2957 2624
f 1557 2929 2930
f 1557 2930 1556
f 1558 2928 2929
f 1558 2929 1557
f 2927 2928 1558
f 2927 1558 1559
f 2926 3345 3346
f 2926 3346 1560
f 2925 2926 1560
f 2925 1560 1561
f 2924 2925 1561
f 2924 1561 983
f 2875 980 1562
f 2875 1562 2874
f 2874 1562 1563
f 2874 1563 2873
f 3370 2873 1563
f 3370 1563 3369
f 2871 2872 1564
f 2871 1564 1565
f 1566 2870 2871
f 1566 2871 1565
f 1567 2869 2870
f 1567 2870 1566
f 1581 1580 1592
f 1581 1592 1593
f 1582 1581 1593
f 1582 1593 1594
f 1595 1583 1582
f 1595 1582 1594
f 1584 3352 3353
f 1584 3353 1596
f 1597 1585 1584
f 1597 1584 1596
f 993 1585 1597
f 993 1597 990
f 994 989 1598
f 994 1598 1586
f 1586 1598 1599
f 1586 1599 1587
f 3363 1587 1599
f 3363 1599 3362
f 1589 1588 1600
f 1589 1600 1601
f 1602 1590 1589
f 1602 1589 1601
f 1603 1591 1590
f 1603 1590 1602
f 1593 1592 2423
f 1593 2423 2422
f 1594 1593 2422
f 1594 2422 2421
f 2420 1595 1594
f 2420 1594 2421
f 1596 3353 3354
f 1596 3354 2419
f 2418 1597 1596
f 2418 1596 2419
f 990 1597 2418
f 990 2418 2417
f 989 2376 2375
f 989 2375 1598
f 1598 2375 2374
f 1598 2374 1599
f 3362 1599 2374
f 3362 2374 3361
f 1601 1600 2373
f 1601 2373 2372
f 2371 1602 1601
f 2371 1601 2372
f 2370 1603 1602
f 2370 1602 2371
f 3481 1604 1388
f 3481 1388 3480
f 1390 1606 1605
f 1390 1605 1389
f 970 1607 1606
f 970 1606 1390
f 1609 1608 969
f 1609 969 1391
f 1610 1609 1391
f 1610 1391 1382
f 1611 3444 3445
f 1611 3445 1383
f 1384 1612 1611
f 1384 1611 1383
f 1613 1612 1384
f 1613 1384 1385
f 924 1613 1385
f 924 1385 879
f 923 878 1386
f 923 1386 1614
f 1614 1386 1387
f 1614 1387 1615
f 1615 1387 1388
f 1615 1388 1604
f 3482 1616 1604
f 3482 1604 3481
f 1606 1618 1617
f 1606 1617 1605
f 1607 1619 1618
f 1607 1618 1606
f 1621 1620 1608
f 1621 1608 1609
f 1622 1621 1609
f 1622 1609 1610
f 1623 3443 3444
f 1623 3444 1611
f 1612 1624 1623
f 1612 1623 1611
f 1625 1624 1612
f 1625 1612 1613
f 930 1625 1613
f 930 1613 924
f 929 923 1614
f 929 1614 1626
f 1626 1614 1615
f 1626 1615 1627
f 1627 1615 1604
f 1627 1604 1616
f 3483 1628 1616
f 3483 1616 3482
f 1618 1630 1629
f 1618 1629 1617
f 1619 1631 1630
f 1619 1630 1618
f 1633 1632 1620
f 1633 1620 1621
f 1634 1633 1621
f 1634 1621 1622
f 1635 3442 3443
f 1635 3443 1623
f 1624 1636 1635
f 1624 1635 1623
f 1637 1636 1624
f 1637 1624 1625
f 936 1637 1625
f 936 1625 930
f 935 929 1626
f 935 1626 1638
f 1638 1626 1627
f 1638 1627 1639
f 1639 1627 1616
f 1639 1616 1628
f 3484 1640 1628
f 3484 1628 3483
f 1630 1642 1641
f 1630 1641 1629
f 1631 1643 1642
f 1631 1642 1630
f 1645 1644 1632
f 1645 1632 1633
f 1646 1645 1633
f 1646 1633 1634
f 1647 3441 3442
f 1647 3442 1635
f 1636 1648 1647
f 1636 1647 1635
f 1649 1648 1636
f 1649 1636 1637
f 942 1649 1637
f 942 1637 936
f 941 935 1638
f 941 1638 1650
f 1650 1638 1639
f 1650 1639 1651
f 1651 1639 1628
f 1651 1628 1640
f 3485 1652 1640
f 3485 1640 3484
f 1642 1654 1653
f 1642 1653 1641
f 1643 1655 1654
f 1643 1654 1642
f 1657 1656 1644
f 1657 1644 1645
f 1658 1657 1645
f 1658 1645 1646
f 1659 3440 3441
f 1659 3441 1647
f 1648 1660 1659
f 1648 1659 1647
f 1661 1660 1648
f 1661 1648 1649
f 948 1661 1649
f 948 1649 942
f 947 941 1650
f 947 1650 1662
f 1662 1650 1651
f 1662 1651 1663
f 1663 1651 1640
f 1663 1640 1652
f 1664 1392 1393
f 1664 1393 1665
f 1666 1665 1393
f 1666 1393 1394
f 1667 1666 1394
f 1667 1394 1395
f 1668 1667 1395
f 1668 1395 1396
f 1669 1397 1398
f 1669 1398 1670
f 1670 1398 1399
f 1670 1399 1671
f 1672 1671 1399
f 1672 1399 1400
f 1401 1673 1672
f 1401 1672 1400
f 1402 1674 1673
f 1402 1673 1401
f 883 921 1674
f 883 1674 1402
f 1675 920 882
f 1675 882 1403
f 1664 1675 1403
f 1664 1403 1392
f 1676 1664 1665
f 1676 1665 1677
f 1678 1677 1665
f 1678 1665 1666
f 1679 1678 1666
f 1679 1666 1667
f 1680 1679 1667
f 1680 1667 1668
f 1669 1681 1680
f 1669 1680 1668
f 1681 1669 1670
f 1681 1670 1682
f 1682 1670 1671
f 1682 1671 1683
f 1684 1683 1671
f 1684 1671 1672
f 1673 1685 1684
f 1673 1684 1672
f 1674 1686 1685
f 1674 1685 1673
f 921 927 1686
f 921 1686 1674
f 1687 926 920
f 1687 920 1675
f 1676 1687 1675
f 1676 1675 1664
f 1688 1676 1677
f 1688 1677 1689
f 1690 1689 1677
f 1690 1677 1678
f 1691 1690 1678
f 1691 1678 1679
f 1692 1691 1679
f 1692 1679 1680
f 1681 1693 1692
f 1681 1692 1680
f 1693 1681 1682
f 1693 1682 1694
f 1694 1682 1683
f 1694 1683 1695
f 1696 1695 1683
f 1696 1683 1684
f 1685 1697 1696
f 1685 1696 1684
f 1686 1698 1697
f 1686 1697 1685
f 927 933 1698
f 927 1698 1686
f 1699 932 926
f 1699 926 1687
f 1688 1699 1687
f 1688 1687 1676
f 1700 1688 1689
f 1700 1689 1701
f 1702 1701 1689
f 1702 1689 1690
f 1703 1702 1690
f 1703 1690 1691
f 1704 1703 1691
f 1704 1691 1692
f 1705 1693 1694
f 1705 1694 1706
f 1706 1694 1695
f 1706 1695 1707
f 1708 1707 1695
f 1708 1695 1696
f 1697 1709 1708
f 1697 1708 1696
f 1698 1710 1709
f 1698 1709 1697
f 933 939 1710
f 933 1710 1698
f 1711 938 932
f 1711 932 1699
f 1700 1711 1699
f 1700 1699 1688
f 1712 1700 1701
f 1712 1701 1713
f 1714 1713 1701
f 1714 1701 1702
f 1715 1714 1702
f 1715 1702 1703
f 1716 1715 1703
f 1716 1703 1704
f 1705 1717 1716
f 1705 1716 1704
f 1717 1705 1706
f 1717 1706 1718
f 1718 1706 1707
f 1718 1707 1719
f 1720 1719 1707
f 1720 1707 1708
f 1709 1721 1720
f 1709 1720 1708
f 1710 1722 1721
f 1710 1721 1709
f 939 945 1722
f 939 1722 1710
f 1723 944 938
f 1723 938 1711
f 1712 1723 1711
f 1712 1711 1700
f 3473 2971 1777
f 3473 1777 3472
f 1779 2969 2970
f 1779 2970 1778
f 996 2968 2969
f 996 2969 1779
f 1780 3004 3005
f 1780 3005 997
f 1781 3003 3004
f 1781 3004 1780
f 3002 3452 3453
f 3002 3453 1782
f 1783 3001 3002
f 1783 3002 1782
f 3000 3001 1783
f 3000 1783 1784
f 2999 3000 1784
f 2999 1784 952
f 2974 951 1785
f 2974 1785 2973
f 2973 1785 1786
f 2973 1786 2972
f 2972 1786 1777
f 2972 1777 2971
f 3475 2884 1724
f 3475 1724 3474
f 1726 2882 2883
f 1726 2883 1725
f 981 2881 2882
f 981 2882 1726
f 1727 2917 2918
f 1727 2918 982
f 1728 2916 2917
f 1728 2917 1727
f 2915 3450 3451
f 2915 3451 1729
f 1730 2914 2915
f 1730 2915 1729
f 2913 2914 1730
f 2913 1730 1731
f 2912 2913 1731
f 2912 1731 891
f 2887 892 1732
f 2887 1732 2886
f 2886 1732 1733
f 2886 1733 2885
f 2885 1733 1724
f 2885 1724 2884
f 3466 3467 1744
f 3466 1744 2383
f 2381 1746 1745
f 2381 1745 2382
f 2380 988 1746
f 2380 1746 2381
f 1747 991 2413
f 1747 2413 2412
f 1748 1747 2412
f 1748 2412 2411
f 1749 3458 3459
f 1749 3459 2410
f 2409 1750 1749
f 2409 1749 2410
f 1751 1750 2409
f 1751 2409 2408
f 897 1751 2408
f 897 2408 2407
f 900 2386 2385
f 900 2385 1752
f 1752 2385 2384
f 1752 2384 1753
f 1753 2384 2383
f 1753 2383 1744
f 3467 3468 1754
f 3467 1754 1744
f 1746 1756 1755
f 1746 1755 1745
f 988 995 1756
f 988 1756 1746
f 1757 992 991
f 1757 991 1747
f 1758 1757 1747
f 1758 1747 1748
f 1759 3457 3458
f 1759 3458 1749
f 1750 1760 1759
f 1750 1759 1749
f 1761 1760 1750
f 1761 1750 1751
f 904 1761 1751
f 904 1751 897
f 901 900 1752
f 901 1752 1762
f 1762 1752 1753
f 1762 1753 1763
f 1763 1753 1744
f 1763 1744 1754
f 1211 1039 1766
f 1211 1766 1765
f 1039 1040 1767
f 1039 1767 1766
f 3349 1042 1768
f 3349 1768 3348
f 967 1282 2628
f 967 2628 999
f 1282 1037 2627
f 1282 2627 2628
f 1037 3366 3367
f 1037 3367 2627
f 1038 1041 2625
f 1038 2625 2626
f 1041 1286 2624
f 1041 2624 2625
f 2623 2624 1286
f 2623 1286 3943
f 3103 3104 1580
f 3103 1580 1581
f 3102 3103 1581
f 3102 1581 1582
f 1583 3101 3102
f 1583 3102 1582
f 3100 3351 3352
f 3100 3352 1584
f 1585 3099 3100
f 1585 3100 1584
f 3098 3099 1585
f 3098 1585 993
f 3049 994 1586
f 3049 1586 3048
f 3048 1586 1587
f 3048 1587 3047
f 3364 3047 1587
f 3364 1587 3363
f 3045 3046 1588
f 3045 1588 1589
f 1590 3044 3045
f 1590 3045 1589
f 1591 3043 3044
f 1591 3044 1590
f 3472 1777 1011
f 3472 1011 3471
f 1779 1778 1014
f 1779 1014 1278
f 996 1779 1278
f 996 1278 960
f 1780 997 3913
f 1780 3913 3914
f 1781 1780 3914
f 1781 3914 3915
f 1782 3453 3916
f 1782 3916 3917
f 1783 1782 3917
f 1783 3917 3918
f 1784 1783 3918
f 1784 3918 3919
f 952 1784 3919
f 952 3919 3920
f 1785 951 865
f 1785 865 1274
f 1786 1785 1274
f 1786 1274 1010
f 1777 1786 1010
f 1777 1010 1011
f 1756 3056 3057
f 1756 3057 1755
f 995 3055 3056
f 995 3056 1756
f 3091 3092 992
f 3091 992 1757
f 3090 3091 1757
f 3090 1757 1758
f 3089 3456 3457
f 3089 3457 1759
f 1760 3088 3089
f 1760 3089 1759
f 3087 3088 1760
f 3087 1760 1761
f 3086 3087 1761
f 3086 1761 904
f 3061 901 1762
f 3061 1762 3060
f 3060 1762 1763
f 3060 1763 3059
f 3059 1763 1754
f 3059 1754 3058
f 3468 3469 3058
f 3468 3058 1754
f 3684 3685 1937
f 3684 1937 1938
f 1939 3692 3693
f 1939 3693 2524
f 3040 3041 1941
f 3040 1941 1944
f 3039 3040 1944
f 3039 1944 1946
f 3038 3039 1946
f 3038 1946 1948
f 3037 3038 1948
f 3037 1948 1950
f 3036 3037 1950
f 3036 1950 1952
f 3035 3036 1952
f 3035 1952 1953
f 3034 3035 1953
f 3034 1953 2441
f 3680 3681 1956
f 3680 1956 1957
f 3682 3683 3582
f 3682 3582 1958
f 3679 3680 1957
f 3681 3682 1958
f 3681 1958 1956
f 1960 1959 2855
f 3033 3034 2441
f 3033 2441 2449
f 3032 3033 2449
f 3032 2449 2457
f 3031 3032 2457
f 3031 2457 2465
f 3030 3031 2465
f 3030 2465 2473
f 3685 3686 1965
f 3685 1965 1937
f 3686 3687 1966
f 3686 1966 1965
f 3687 3688 1967
f 3687 1967 1966
f 3688 3689 1968
f 3688 1968 1967
f 3689 3690 1969
f 3689 1969 1968
f 3690 3691 1970
f 3690 1970 1969
f 3691 3692 1939
f 3691 1939 1970
f 1997 1971 2852
f 1997 2852 2853
f 1971 1972 2851
f 1971 2851 2852
f 1972 1973 2850
f 1972 2850 2851
f 1973 1974 2849
f 1973 2849 2850
f 1974 1975 2848
f 1974 2848 2849
f 1975 1976 2847
f 1975 2847 2848
f 1976 1942 2846
f 1976 2846 2847
f 2525 2526 1978
f 2525 1978 1977
f 1978 1979 1980
f 1978 1980 1977
f 1979 1981 1982
f 1979 1982 1980
f 1981 1983 1984
f 1981 1984 1982
f 1983 1986 1985
f 1983 1985 1984
f 1986 1988 1987
f 1986 1987 1985
f 1988 1989 1990
f 1988 1990 1987
f 1989 1992 1991
f 1989 1991 1990
f 1992 1994 1993
f 1992 1993 1991
f 1994 1996 1995
f 1994 1995 1993
f 1998 1997 2853
f 1998 2853 2854
f 1959 1998 2854
f 1959 2854 2855
f 1942 1999 2530
f 1942 2530 2531
f 2000 1999 1942
f 2000 1942 1976
f 2001 2000 1976
f 2001 1976 1975
f 2002 2001 1975
f 2002 1975 1974
f 2003 2002 1974
f 2003 1974 1973
f 2004 2003 1973
f 2004 1973 1972
f 2005 2004 1972
f 2005 1972 1971
f 2006 2005 1971
f 2006 1971 1997
f 2007 2006 1997
f 2007 1997 1998
f 2008 2007 1998
f 2008 1998 1959
f 2009 2008 1959
f 1999 2010 2529
f 1999 2529 2530
f 1999 2000 2011
f 1999 2011 2010
f 2000 2001 2012
f 2000 2012 2011
f 2001 2002 2013
f 2001 2013 2012
f 2014 2013 2002
f 2014 2002 2003
f 2015 2014 2003
f 2015 2003 2004
f 2004 2005 2016
f 2004 2016 2015
f 2016 2005 2006
f 2016 2006 2017
f 2017 2006 2007
f 2017 2007 2018
f 2019 2018 2007
f 2019 2007 2008
f 2010 2020 2528
f 2010 2528 2529
f 2010 2011 2021
f 2010 2021 2020
f 2011 2012 2022
f 2011 2022 2021
f 2012 2013 2023
f 2012 2023 2022
f 2024 2023 2013
f 2024 2013 2014
f 2025 2024 2014
f 2025 2014 2015
f 2015 2016 2026
f 2015 2026 2025
f 2026 2016 2017
f 2026 2017 2027
f 2027 2017 2018
f 2027 2018 2028
f 2029 2028 2018
f 2029 2018 2019
f 2020 2030 2527
f 2020 2527 2528
f 2020 2021 2031
f 2020 2031 2030
f 2021 2022 2032
f 2021 2032 2031
f 2022 2023 2033
f 2022 2033 2032
f 2034 2033 2023
f 2034 2023 2024
f 2035 2034 2024
f 2035 2024 2025
f 2025 2026 2036
f 2025 2036 2035
f 2036 2026 2027
f 2036 2027 2037
f 2037 2027 2028
f 2037 2028 2038
f 2039 2038 2028
f 2039 2028 2029
f 2030 1978 2526
f 2030 2526 2527
f 2030 2031 1979
f 2030 1979 1978
f 2031 2032 1981
f 2031 1981 1979
f 2032 2033 1983
f 2032 1983 1981
f 1986 1983 2033
f 1986 2033 2034
f 1988 1986 2034
f 1988 2034 2035
f 2035 2036 1989
f 2035 1989 1988
f 1992 1989 2036
f 1992 2036 2037
f 1994 1992 2037
f 1994 2037 2038
f 1996 1994 2038
f 1996 2038 2039
f 2622 2955 3867
f 2622 3867 1776
f 2953 2954 1940
f 2953 1940 1943
f 2952 2953 1943
f 2952 1943 1945
f 2951 2952 1945
f 2951 1945 1947
f 2950 2951 1947
f 2950 1947 1949
f 2949 2950 1949
f 2949 1949 1951
f 2948 2949 1951
f 2948 1951 1954
f 2947 2948 1954
f 2947 1954 1955
f 2946 2947 1955
f 2946 1955 1961
f 2945 2946 1961
f 2945 1961 1962
f 2944 2945 1962
f 2944 1962 1963
f 2943 2944 1963
f 2602 2868 3865
f 2602 3865 3866
f 2040 2041 2866
f 2040 2866 2867
f 2041 2042 2865
f 2041 2865 2866
f 2042 2043 2864
f 2042 2864 2865
f 2863 2864 2043
f 2863 2043 2044
f 2862 2863 2044
f 2862 2044 2045
f 2045 2046 2861
f 2045 2861 2862
f 2047 2860 2861
f 2047 2861 2046
f 2048 2859 2860
f 2048 2860 2047
f 2858 2859 2048
f 2858 2048 2049
f 2857 2858 2049
f 2857 2049 2050
f 1603 2370 2619
f 1603 2619 2620
f 2368 2064 2062
f 2368 2062 2369
f 2367 2066 2064
f 2367 2064 2368
f 2366 2068 2066
f 2366 2066 2367
f 2070 2068 2366
f 2070 2366 2365
f 2072 2070 2365
f 2072 2365 2364
f 2364 2363 2075
f 2364 2075 2072
f 2482 2483 2362
f 2482 2362 2076
f 1405 2362 2361
f 1591 1603 2620
f 1591 2620 2621
f 2064 1944 1941
f 2064 1941 2062
f 2066 1946 1944
f 2066 1944 2064
f 2068 1948 1946
f 2068 1946 2066
f 1950 1948 2068
f 1950 2068 2070
f 1952 1950 2070
f 1952 2070 2072
f 2072 2075 1953
f 2072 1953 1952
f 1977 3590 3591
f 1977 3591 2525
f 3589 3590 1977
f 3589 1977 1980
f 3588 3589 1980
f 3588 1980 1982
f 3587 3588 1982
f 3587 1982 1984
f 3586 3587 1984
f 3586 1984 1985
f 3585 3586 1985
f 3585 1985 1987
f 3584 3585 1987
f 3584 1987 1990
f 3583 3584 1990
f 3583 1990 1991
f 3582 3583 1991
f 3582 1991 1958
f 1956 1958 1991
f 1956 1991 1993
f 1957 1956 1993
f 1957 1993 1995
f 2845 2531 3808
f 2845 3808 3863
f 3672 3673 1933
f 3672 1933 1932
f 3665 1925 2509
f 3665 2509 3664
f 3106 3107 1919
f 3106 1919 1918
f 3107 3108 1920
f 3107 1920 1919
f 3108 3109 1921
f 3108 1921 1920
f 3109 3110 1922
f 3109 1922 1921
f 3110 3111 1923
f 3110 1923 1922
f 3111 3112 1924
f 3111 1924 1923
f 3112 3113 2448
f 3112 2448 1924
f 3676 3677 1936
f 3676 1936 1935
f 3674 3675 1934
f 3674 1934 3561
f 3675 3676 1935
f 3675 1935 1934
f 1807 2771 2772
f 2448 3113 3114
f 2448 3114 2456
f 3114 3115 2464
f 3114 2464 2456
f 3115 3116 2472
f 3115 2472 2464
f 3116 3117 2480
f 3116 2480 2472
f 3117 2488 2480
f 3671 3672 1932
f 3671 1932 1931
f 3670 3671 1931
f 3670 1931 1930
f 3669 3670 1930
f 3669 1930 1929
f 3668 3669 1929
f 3668 1929 1928
f 3667 3668 1928
f 3667 1928 1927
f 3666 3667 1927
f 3666 1927 1926
f 3665 3666 1926
f 3665 1926 1925
f 1814 1836 2774
f 1814 2774 2775
f 1815 1814 2775
f 1815 2775 2776
f 1816 1815 2776
f 1816 2776 2777
f 1817 1816 2777
f 1817 2777 2778
f 1818 1817 2778
f 1818 2778 2779
f 1819 1818 2779
f 1819 2779 2780
f 1813 1819 2780
f 1813 2780 2781
f 1826 1878 2507
f 1826 2507 2508
f 1879 1878 1826
f 1879 1826 1827
f 1880 1879 1827
f 1880 1827 1828
f 1881 1880 1828
f 1881 1828 1829
f 1882 1881 1829
f 1882 1829 1830
f 1883 1882 1830
f 1883 1830 1831
f 1884 1883 1831
f 1884 1831 1832
f 1885 1884 1832
f 1885 1832 1833
f 1886 1885 1833
f 1886 1833 1834
f 1887 1886 1834
f 1887 1834 1835
f 1836 1837 2773
f 1836 2773 2774
f 1837 1807 2772
f 1837 2772 2773
f 1838 1813 2502
f 1838 2502 2503
f 1838 1839 1819
f 1838 1819 1813
f 1839 1840 1818
f 1839 1818 1819
f 1840 1841 1817
f 1840 1817 1818
f 1841 1842 1816
f 1841 1816 1817
f 1842 1843 1815
f 1842 1815 1816
f 1843 1844 1814
f 1843 1814 1815
f 1844 1845 1836
f 1844 1836 1814
f 1845 1846 1837
f 1845 1837 1836
f 1846 1847 1807
f 1846 1807 1837
f 1847 1808 1807
f 1848 1838 2503
f 1848 2503 2504
f 1838 1848 1849
f 1838 1849 1839
f 1839 1849 1850
f 1839 1850 1840
f 1840 1850 1851
f 1840 1851 1841
f 1852 1842 1841
f 1852 1841 1851
f 1853 1843 1842
f 1853 1842 1852
f 1843 1853 1854
f 1843 1854 1844
f 1845 1844 1854
f 1845 1854 1855
f 1846 1845 1855
f 1846 1855 1856
f 1857 1847 1846
f 1857 1846 1856
f 1858 1848 2504
f 1858 2504 2505
f 1848 1858 1859
f 1848 1859 1849
f 1849 1859 1860
f 1849 1860 1850
f 1850 1860 1861
f 1850 1861 1851
f 1862 1852 1851
f 1862 1851 1861
f 1863 1853 1852
f 1863 1852 1862
f 1853 1863 1864
f 1853 1864 1854
f 1855 1854 1864
f 1855 1864 1865
f 1856 1855 1865
f 1856 1865 1866
f 1867 1857 1856
f 1867 1856 1866
f 1868 1858 2505
f 1868 2505 2506
f 1858 1868 1869
f 1858 1869 1859
f 1859 1869 1870
f 1859 1870 1860
f 1860 1870 1871
f 1860 1871 1861
f 1872 1862 1861
f 1872 1861 1871
f 1873 1863 1862
f 1873 1862 1872
f 1863 1873 1874
f 1863 1874 1864
f 1865 1864 1874
f 1865 1874 1875
f 1866 1865 1875
f 1866 1875 1876
f 1877 1867 1866
f 1877 1866 1876
f 1878 1868 2506
f 1878 2506 2507
f 1868 1878 1879
f 1868 1879 1869
f 1869 1879 1880
f 1869 1880 1870
f 1870 1880 1881
f 1870 1881 1871
f 1882 1872 1871
f 1882 1871 1881
f 1883 1873 1872
f 1883 1872 1882
f 1873 1883 1884
f 1873 1884 1874
f 1875 1874 1884
f 1875 1884 1885
f 1876 1875 1885
f 1876 1885 1886
f 1887 1877 1876
f 1887 1876 1886
f 3018 2613 1764
f 3018 1764 3017
f 1804 3019 3020
f 1804 3020 1825
f 3020 3021 1824
f 3020 1824 1825
f 3021 3022 1823
f 3021 1823 1824
f 3022 3023 1822
f 3022 1822 1823
f 3023 3024 1821
f 3023 1821 1822
f 3024 3025 1820
f 3024 1820 1821
f 3025 3026 1805
f 3025 1805 1820
f 1805 3026 3027
f 1805 3027 1809
f 3027 3028 1810
f 3027 1810 1809
f 3028 3029 1811
f 3028 1811 1810
f 3029 1812 1811
f 2930 2931 2655
f 2930 2655 1556
f 1888 2932 2933
f 1888 2933 1889
f 1889 2933 2934
f 1889 2934 1890
f 1890 2934 2935
f 1890 2935 1891
f 2936 1892 1891
f 2936 1891 2935
f 2937 1893 1892
f 2937 1892 2936
f 1893 2937 2938
f 1893 2938 1894
f 1894 2938 2939
f 1894 2939 1895
f 2940 1896 1895
f 2940 1895 2939
f 2941 1897 1896
f 2941 1896 2940
f 2942 1898 1897
f 2942 1897 2941
f 2423 1592 2615
f 2423 2615 2616
f 2425 2424 1910
f 2425 1910 1911
f 2426 2425 1911
f 2426 1911 1912
f 2427 2426 1912
f 2427 1912 1913
f 1914 2428 2427
f 1914 2427 1913
f 1915 2429 2428
f 1915 2428 1914
f 2429 1915 1916
f 2429 1916 2430
f 2486 2487 1917
f 2486 1917 2431
f 1592 1580 2614
f 1592 2614 2615
f 1911 1910 1918
f 1911 1918 1919
f 1912 1911 1919
f 1912 1919 1920
f 1913 1912 1920
f 1913 1920 1921
f 1922 1914 1913
f 1922 1913 1921
f 1923 1915 1914
f 1923 1914 1922
f 1915 1923 1924
f 1915 1924 1916
f 3553 1826 2508
f 3553 2508 3552
f 3553 3554 1827
f 3553 1827 1826
f 3554 3555 1828
f 3554 1828 1827
f 3555 3556 1829
f 3555 1829 1828
f 3556 3557 1830
f 3556 1830 1829
f 3557 3558 1831
f 3557 1831 1830
f 3558 3559 1832
f 3558 1832 1831
f 3559 3560 1833
f 3559 1833 1832
f 1833 3560 3561
f 1833 3561 1934
f 1934 1935 1834
f 1934 1834 1833
f 1935 1936 1835
f 1935 1835 1834
f 1027 1241 2617
f 1027 2617 2618
f 2065 2063 1801
f 2065 1801 1802
f 2067 2065 1802
f 2067 1802 1797
f 2069 2067 1797
f 2069 1797 1798
f 2071 2069 1798
f 2071 1798 1799
f 2073 2071 1799
f 2073 1799 1800
f 2074 2073 1800
f 2074 1800 1803
f 2077 2484 2485
f 2077 2485 1806
f 2431 1378 2432
f 3043 1591 2621
f 3043 2621 3042
f 1580 3104 3105
f 1580 3105 2614
f 3412 2185 2416
f 3412 2416 3411
f 2185 3412 3413
f 2185 3413 2184
f 3096 2184 3413
f 3096 3413 3414
f 2183 3415 3416
f 2183 3416 3009
f 2922 2182 3417
f 2922 3417 3418
f 2791 3420 3421
f 2791 3421 2180
f 2180 3421 3422
f 2180 3422 2179
f 2637 2379 2188
f 2637 2188 2636
f 2636 2188 2189
f 2636 2189 2635
f 2635 2189 3053
f 2635 3053 3054
f 2966 2967 2631
f 2966 2631 2190
f 2630 2191 2879
f 2630 2879 2880
f 2545 2833 2834
f 2545 2834 2193
f 2545 2193 2194
f 2545 2194 2544
f 2540 2198 2491
f 2540 2491 2539
f 3499 2163 2489
f 3499 2489 3498
f 2541 2197 2198
f 2541 2198 2540
f 2162 2163 3499
f 2162 3499 3500
f 2542 2196 2197
f 2542 2197 2541
f 2161 2162 3500
f 2161 3500 3501
f 2543 2195 2196
f 2543 2196 2542
f 2160 2161 3501
f 2160 3501 3502
f 2544 2194 2195
f 2544 2195 2543
f 2159 2160 3502
f 2159 3502 3503
f 2175 3426 3427
f 2175 3427 2494
f 2097 3322 3323
f 2097 3323 2493
f 2175 2176 3425
f 2175 3425 3426
f 2097 2098 3321
f 2097 3321 3322
f 2176 2177 3424
f 2176 3424 3425
f 2098 2099 3320
f 2098 3320 3321
f 2177 2178 3423
f 2177 3423 3424
f 2099 2100 3319
f 2099 3319 3320
f 2178 2179 3422
f 2178 3422 3423
f 2100 2101 3318
f 2100 3318 3319
f 2106 2102 2103
f 2106 2103 2107
f 3572 2104 2105
f 3572 2105 3571
f 2112 2106 2107
f 2112 2107 2113
f 1361 2108 2109
f 1361 2109 1360
f 2108 2110 2111
f 2108 2111 2109
f 2110 2112 2113
f 2110 2113 2111
f 2104 2114 2115
f 2104 2115 2105
f 2114 2116 2117
f 2114 2117 2115
f 1177 2135 3574
f 1177 3574 3575
f 1107 2134 2151
f 1107 2151 1165
f 1319 2136 2135
f 1319 2135 1177
f 1137 2137 2136
f 1137 2136 1319
f 1306 2137 1137
f 1165 2151 2150
f 1165 2150 1333
f 1333 2150 2149
f 1333 2149 1153
f 1153 2149 2148
f 1153 2148 1347
f 3569 2142 1223
f 3569 1223 3568
f 1225 2144 2143
f 1225 2143 1224
f 2141 2140 1222
f 2141 1222 1318
f 2142 2141 1318
f 2142 1318 1223
f 2140 1305 1222
f 1225 1332 2145
f 1225 2145 2144
f 1332 1226 2146
f 1332 2146 2145
f 1226 1346 2147
f 1226 2147 2146
f 2119 2104 3572
f 2119 3572 3573
f 2120 2114 2104
f 2120 2104 2119
f 2121 2116 2114
f 2121 2114 2120
f 2115 2117 2122
f 2115 2122 2123
f 2105 2115 2123
f 2105 2123 2124
f 3571 2105 2124
f 3571 2124 3570
f 2126 2107 2103
f 2126 2103 2125
f 2127 2113 2107
f 2127 2107 2126
f 2128 2111 2113
f 2128 2113 2127
f 2129 2109 2111
f 2129 2111 2128
f 1227 1360 2109
f 1227 2109 2129
f 2130 2108 1361
f 2130 1361 1145
f 2131 2110 2108
f 2131 2108 2130
f 2132 2112 2110
f 2132 2110 2131
f 2133 2106 2112
f 2133 2112 2132
f 2118 2102 2106
f 2118 2106 2133
f 2135 2119 3573
f 2135 3573 3574
f 2136 2120 2119
f 2136 2119 2135
f 2137 2121 2120
f 2137 2120 2136
f 2138 2121 2137
f 2122 2139 2140
f 2123 2122 2140
f 2123 2140 2141
f 2124 2123 2141
f 2124 2141 2142
f 3570 2124 2142
f 3570 2142 3569
f 2144 2126 2125
f 2144 2125 2143
f 2145 2127 2126
f 2145 2126 2144
f 2146 2128 2127
f 2146 2127 2145
f 2147 2129 2128
f 2147 2128 2146
f 1227 2129 2147
f 1227 2147 1346
f 2148 2130 1145
f 2148 1145 1347
f 2149 2131 2130
f 2149 2130 2148
f 2150 2132 2131
f 2150 2131 2149
f 2151 2133 2132
f 2151 2132 2150
f 2134 2118 2133
f 2134 2133 2151
f 2376 989 3934
f 2376 3934 3935
f 989 994 3933
f 989 3933 3934
f 994 3049 3932
f 994 3932 3933
f 3857 3858 2963
f 3857 2963 2597
f 3859 3860 2876
f 3859 2876 2596
f 3862 3809 2532
f 3862 2532 2837
f 2532 2533 2159
f 2532 2159 2158
f 2533 2534 2160
f 2533 2160 2159
f 2534 2535 2161
f 2534 2161 2160
f 2535 2536 2162
f 2535 2162 2161
f 2536 2537 2163
f 2536 2163 2162
f 2537 2538 2489
f 2537 2489 2163
f 2165 2164 965
f 2165 965 1281
f 2166 2165 1281
f 2166 1281 1030
f 3598 2166 1030
f 3598 1030 3597
f 3700 2167 1073
f 3700 1073 3699
f 2171 3657 3658
f 2171 3658 1070
f 2172 3545 3546
f 2172 3546 1036
f 2173 2172 1036
f 2173 1036 1404
f 966 2174 2173
f 966 2173 1404
f 2495 2496 2175
f 2495 2175 2494
f 2496 2497 2176
f 2496 2176 2175
f 2497 2498 2177
f 2497 2177 2176
f 2498 2499 2178
f 2498 2178 2177
f 2499 2500 2179
f 2499 2179 2178
f 2501 975 2789
f 2501 2789 2790
f 2656 2923 2924
f 2656 2924 983
f 3011 998 2612
f 3011 2612 3010
f 3098 993 3940
f 3098 3940 3941
f 993 990 3939
f 993 3939 3940
f 990 2417 3938
f 990 3938 3939
f 3304 2378 2086
f 3304 2086 3303
f 3302 3303 2086
f 3302 2086 2087
f 3301 3302 2087
f 3301 2087 3052
f 3403 3300 2088
f 3403 2088 2965
f 3401 3402 2089
f 3401 2089 2878
f 3398 3399 2835
f 3398 2835 2091
f 3398 2091 2096
f 3398 2096 3397
f 3396 3397 2096
f 3396 2096 2095
f 3395 3396 2095
f 3395 2095 2094
f 3394 3395 2094
f 3394 2094 2093
f 3393 3394 2093
f 3393 2093 2092
f 3393 2092 2490
f 3393 2490 3392
f 3391 1044 1280
f 3391 1280 3390
f 3390 1280 1045
f 3390 1045 3389
f 3600 3601 3389
f 3600 3389 1045
f 3702 3703 3388
f 3702 3388 1067
f 2641 2205 2414
f 2641 2414 2640
f 2206 2205 2641
f 2206 2641 2642
f 3094 2206 2642
f 3094 2642 3093
f 3006 2643 997
f 3006 997 3005
f 2919 2658 982
f 2919 982 2918
f 979 2588 2794
f 979 2794 2795
f 2211 2210 2588
f 2211 2588 2589
f 2212 2211 2589
f 2212 2589 2590
f 2213 2212 2590
f 2213 2590 2591
f 2214 2213 2591
f 2214 2591 2592
f 2215 2214 2592
f 2215 2592 2593
f 2215 2593 2594
f 2215 2594 2492
f 2217 2216 961
f 2217 961 1206
f 2218 2217 1206
f 2218 1206 1017
f 3541 2218 1017
f 3541 1017 3540
f 3653 2219 1068
f 3653 1068 3652
f 2203 2226 2224
f 2203 2224 1074
f 3385 2227 2225
f 3385 2225 3384
f 3489 1125 1048
f 3489 1048 3488
f 2227 2168 1072
f 2227 1072 2225
f 3386 3387 1047
f 3386 1047 2223
f 3492 2227 3385
f 3492 3385 3491
f 2168 2227 3492
f 2168 3492 3493
f 3436 3437 1051
f 3436 1051 1121
f 2221 1052 3328
f 2221 3328 3329
f 2228 2220 1069
f 2228 1069 2169
f 1099 3435 3436
f 1099 3436 1121
f 2229 3330 3331
f 2229 3331 2222
f 2170 2229 2222
f 2170 2222 1071
f 2231 2230 1079
f 2231 1079 1082
f 2232 2231 1082
f 2232 1082 1191
f 2233 2232 1191
f 2233 1191 1234
f 2234 2233 1234
f 2234 1234 1078
f 2235 2234 1078
f 2235 1078 1264
f 2236 2235 1264
f 2236 1264 1077
f 2237 2236 1077
f 2237 1077 1076
f 2238 2237 1076
f 2238 1076 1081
f 2239 2238 1081
f 2239 1081 1270
f 950 2239 1270
f 950 1270 876
f 2240 949 875
f 2240 875 1197
f 2241 2240 1197
f 2241 1197 1080
f 2230 2241 1080
f 2230 1080 1079
f 3076 3077 1092
f 3076 1092 1093
f 1192 3075 3076
f 1192 3076 1093
f 1235 3074 3075
f 1235 3075 1192
f 1094 3073 3074
f 1094 3074 1235
f 3073 1094 1265
f 3073 1265 3072
f 3072 1265 1095
f 3072 1095 3071
f 3070 3071 1095
f 3070 1095 1096
f 1097 3069 3070
f 1097 3070 1096
f 1269 3068 3069
f 1269 3069 1097
f 902 3067 3068
f 902 3068 1269
f 3079 3080 903
f 3079 903 1196
f 3078 3079 1196
f 3078 1196 1091
f 3077 3078 1091
f 3077 1091 1092
f 2902 2903 2266
f 2902 2266 2267
f 2901 2902 2267
f 2901 2267 2268
f 2900 2901 2268
f 2900 2268 2269
f 2270 2899 2900
f 2270 2900 2269
f 2899 2270 2271
f 2899 2271 2898
f 2898 2271 2272
f 2898 2272 2897
f 2273 2896 2897
f 2273 2897 2272
f 2274 2895 2896
f 2274 2896 2273
f 2275 2894 2895
f 2275 2895 2274
f 889 2893 2894
f 889 2894 2275
f 2276 2905 2906
f 2276 2906 890
f 2277 2904 2905
f 2277 2905 2276
f 2903 2904 2277
f 2903 2277 2266
f 2989 2990 2230
f 2989 2230 2231
f 2988 2989 2231
f 2988 2231 2232
f 2987 2988 2232
f 2987 2232 2233
f 2234 2986 2987
f 2234 2987 2233
f 2986 2234 2235
f 2986 2235 2985
f 2985 2235 2236
f 2985 2236 2984
f 2237 2983 2984
f 2237 2984 2236
f 2238 2982 2983
f 2238 2983 2237
f 2239 2981 2982
f 2239 2982 2238
f 950 2980 2981
f 950 2981 2239
f 2240 2992 2993
f 2240 2993 949
f 2241 2991 2992
f 2241 2992 2240
f 2990 2991 2241
f 2990 2241 2230
f 2279 2278 2400
f 2279 2400 2399
f 2398 2280 2279
f 2398 2279 2399
f 2397 2281 2280
f 2397 2280 2398
f 2396 2282 2281
f 2396 2281 2397
f 2282 2396 2395
f 2282 2395 2283
f 2283 2395 2394
f 2283 2394 2284
f 2285 2284 2394
f 2285 2394 2393
f 2392 2286 2285
f 2392 2285 2393
f 2391 2287 2286
f 2391 2286 2392
f 2390 899 2287
f 2390 2287 2391
f 2288 898 2403
f 2288 2403 2402
f 2289 2288 2402
f 2289 2402 2401
f 2278 2289 2401
f 2278 2401 2400
f 1693 1705 1704
f 1693 1704 1692
f 2338 2339 2670
f 2338 2670 2671
f 1003 863 864
f 1003 864 1238
f 964 963 3936
f 964 3936 3937
f 2085 3305 3306
f 2085 3306 2078
f 2152 3409 3410
f 2152 3410 2186
f 2204 2187 2638
f 2204 2638 2639
f 2291 2290 2551
f 2291 2551 2552
f 2291 2552 2553
f 2291 2553 2292
f 2292 2553 2554
f 2292 2554 2293
f 2295 2294 2579
f 2295 2579 2580
f 2296 2295 2580
f 2296 2580 2581
f 2581 2582 2297
f 2581 2297 2296
f 2298 2297 2582
f 2298 2582 2583
f 2299 2298 2583
f 2299 2583 2584
f 2300 2299 2584
f 2300 2584 2585
f 2301 2300 2585
f 2301 2585 2586
f 2302 2301 2586
f 2302 2586 2587
f 3740 3741 887
f 3740 887 2587
f 2802 2587 887
f 2802 887 2801
f 2912 891 2659
f 2912 2659 2911
f 2999 952 2644
f 2999 2644 2998
f 2306 3084 3085
f 2306 3085 2645
f 2646 2307 2306
f 2646 2306 2645
f 2406 2307 2646
f 2406 2646 2647
f 2648 2649 2309
f 2648 2309 2308
f 2310 2387 2650
f 2310 2650 2651
f 2311 2310 2651
f 2311 2651 2652
f 3063 2311 2652
f 3063 2652 3062
f 2976 2312 2632
f 2976 2632 2975
f 2633 2888 2889
f 2633 2889 2313
f 2825 2546 2315
f 2825 2315 2824
f 2316 2315 2546
f 2316 2546 2547
f 2317 2316 2547
f 2317 2547 2548
f 2318 2317 2548
f 2318 2548 2549
f 2319 2318 2549
f 2319 2549 2550
f 2290 2319 2550
f 2290 2550 2551
f 3713 946 870
f 3713 870 3712
f 3712 870 1272
f 3712 1272 3711
f 3711 1272 1063
f 3711 1063 3710
f 3648 2353 1064
f 3648 1064 3647
f 1064 1199 3646
f 1064 3646 3647
f 1199 869 3645
f 1199 3645 3646
f 943 3644 3645
f 943 3645 869
f 3643 3644 943
f 3643 943 937
f 3642 3643 937
f 3642 937 931
f 3641 3642 931
f 3641 931 925
f 3640 3641 925
f 3640 925 919
f 3639 3640 919
f 3639 919 905
f 3639 905 2804
f 3639 2804 3638
f 907 3635 3636
f 907 3636 2909
f 3633 3634 2996
f 3633 2996 908
f 3632 3083 909
f 3632 909 3631
f 910 3630 3631
f 910 3631 909
f 3629 3630 910
f 3629 910 2405
f 912 3627 3628
f 912 3628 911
f 3625 3626 2388
f 3625 2388 913
f 3624 3625 913
f 3624 913 914
f 3623 3624 914
f 3623 914 3064
f 3723 3622 915
f 3723 915 2977
f 2890 3721 3722
f 2890 3722 916
f 3718 3719 2823
f 3718 2823 918
f 3718 918 922
f 3718 922 3717
f 3716 3717 922
f 3716 922 928
f 3715 3716 928
f 3715 928 934
f 3714 3715 934
f 3714 934 940
f 3713 3714 940
f 3713 940 946
f 3608 2293 2352
f 3608 2352 3607
f 3710 1063 2350
f 3710 2350 3709
f 3708 3709 2350
f 3708 2350 2556
f 2293 2554 2555
f 2293 2555 2352
f 2354 3536 3537
f 2354 3537 2578
f 2579 2294 2354
f 2579 2354 2578
f 2355 2324 2575
f 2355 2575 2576
f 2356 834 835
f 1381 2437 2436
f 2434 2433 1379
f 843 844 2077
f 843 2077 1806
f 2356 2357 834
f 2358 833 834
f 2358 834 2357
f 2359 831 833
f 2359 833 2358
f 2360 832 831
f 2360 831 2359
f 2361 844 832
f 2361 832 2360
f 2362 2077 844
f 2362 844 2361
f 2484 2077 2362
f 2484 2362 2483
f 2073 2074 2363
f 2073 2363 2364
f 2365 2071 2073
f 2365 2073 2364
f 2366 2069 2071
f 2366 2071 2365
f 2069 2366 2367
f 2069 2367 2067
f 2067 2367 2368
f 2067 2368 2065
f 2065 2368 2369
f 2065 2369 2063
f 2370 1027 2618
f 2370 2618 2619
f 1027 2370 2371
f 1027 2371 1285
f 1285 2371 2372
f 1285 2372 1028
f 2373 1023 1028
f 2373 1028 2372
f 2374 1024 3360
f 2374 3360 3361
f 2375 1283 1024
f 2375 1024 2374
f 2376 963 1283
f 2376 1283 2375
f 963 2376 3935
f 963 3935 3936
f 3409 2152 2377
f 3409 2377 3408
f 3305 2085 2378
f 3305 2378 3304
f 2638 2187 2379
f 2638 2379 2637
f 958 2380 2381
f 958 2381 1277
f 1277 2381 2382
f 1277 2382 1008
f 3465 3466 2383
f 3465 2383 1004
f 2384 1005 1004
f 2384 1004 2383
f 2385 1275 1005
f 2385 1005 2384
f 2386 863 1275
f 2386 1275 2385
f 2387 2309 2649
f 2387 2649 2650
f 3515 2309 2387
f 3515 2387 3514
f 3626 3627 912
f 3626 912 2388
f 2670 2339 2389
f 2670 2389 2669
f 874 2390 2391
f 874 2391 1268
f 1268 2391 2392
f 1268 2392 1089
f 1089 2392 2393
f 1089 2393 1084
f 2394 1085 1084
f 2394 1084 2393
f 2395 1266 1085
f 2395 1085 2394
f 2396 1086 1266
f 2396 1266 2395
f 1086 2396 2397
f 1086 2397 1236
f 1236 2397 2398
f 1236 2398 1193
f 1193 2398 2399
f 1193 2399 1090
f 2400 1087 1090
f 2400 1090 2399
f 2401 1088 1087
f 2401 1087 2400
f 2402 1195 1088
f 2402 1088 2401
f 2403 873 1195
f 2403 1195 2402
f 2404 2338 2671
f 2404 2671 2672
f 3628 3629 2405
f 3628 2405 911
f 2406 2308 3516
f 2406 3516 3517
f 2308 2406 2647
f 2308 2647 2648
f 2408 1202 864
f 2408 864 2407
f 2409 1009 1202
f 2409 1202 2408
f 1009 2409 2410
f 1009 2410 1006
f 3459 3460 1006
f 3459 1006 2410
f 2412 1204 1007
f 2412 1007 2411
f 2413 957 1204
f 2413 1204 2412
f 2414 2204 2639
f 2414 2639 2640
f 2415 2078 3306
f 2415 3306 3307
f 2416 2186 3410
f 2416 3410 3411
f 2417 964 3937
f 2417 3937 3938
f 2418 1208 964
f 2418 964 2417
f 1208 2418 2419
f 1208 2419 1029
f 3354 3355 1029
f 3354 1029 2419
f 1025 2420 2421
f 1025 2421 1026
f 2422 1210 1026
f 2422 1026 2421
f 2423 1241 1210
f 2423 1210 2422
f 1241 2423 2616
f 1241 2616 2617
f 1802 1801 2424
f 1802 2424 2425
f 1797 1802 2425
f 1797 2425 2426
f 1798 1797 2426
f 1798 2426 2427
f 2428 1799 1798
f 2428 1798 2427
f 2429 1800 1799
f 2429 1799 2428
f 1800 2429 2430
f 1800 2430 1803
f 1806 2485 2486
f 1806 2486 2431
f 1806 2431 2432
f 1806 2432 843
f 2433 842 843
f 2433 843 2432
f 841 842 2433
f 841 2433 2434
f 841 2434 2435
f 841 2435 840
f 2436 846 840
f 2436 840 2435
f 2437 839 846
f 2437 846 2436
f 2438 845 839
f 2438 839 2437
f 2439 838 845
f 2439 845 2438
f 2440 837 838
f 2440 838 2439
f 2442 2441 1953
f 2442 1953 2075
f 2363 2443 2442
f 2363 2442 2075
f 2444 2443 2363
f 2444 2363 2074
f 2444 2074 1803
f 2444 1803 2445
f 2446 2445 1803
f 2446 1803 2430
f 2446 2430 1916
f 2446 1916 2447
f 1916 1924 2448
f 1916 2448 2447
f 2450 2449 2441
f 2450 2441 2442
f 2443 2451 2450
f 2443 2450 2442
f 2444 2452 2451
f 2444 2451 2443
f 2452 2444 2445
f 2452 2445 2453
f 2454 2453 2445
f 2454 2445 2446
f 2455 2454 2446
f 2455 2446 2447
f 2456 2455 2447
f 2456 2447 2448
f 2449 2450 2458
f 2449 2458 2457
f 2450 2451 2459
f 2450 2459 2458
f 2452 2460 2459
f 2452 2459 2451
f 2460 2452 2453
f 2460 2453 2461
f 2462 2461 2453
f 2462 2453 2454
f 2454 2455 2463
f 2454 2463 2462
f 2455 2456 2464
f 2455 2464 2463
f 2457 2458 2466
f 2457 2466 2465
f 2458 2459 2467
f 2458 2467 2466
f 2460 2468 2467
f 2460 2467 2459
f 2468 2460 2461
f 2468 2461 2469
f 2470 2469 2461
f 2470 2461 2462
f 2462 2463 2471
f 2462 2471 2470
f 2463 2464 2472
f 2463 2472 2471
f 2465 2466 2474
f 2465 2474 2473
f 2466 2467 2475
f 2466 2475 2474
f 2468 2476 2475
f 2468 2475 2467
f 2476 2468 2469
f 2476 2469 2477
f 2478 2477 2469
f 2478 2469 2470
f 2470 2471 2479
f 2470 2479 2478
f 2471 2472 2480
f 2471 2480 2479
f 2473 2474 2482
f 2473 2482 2481
f 2474 2475 2483
f 2474 2483 2482
f 2476 2484 2483
f 2476 2483 2475
f 2484 2476 2477
f 2484 2477 2485
f 2486 2485 2477
f 2486 2477 2478
f 2478 2479 2487
f 2478 2487 2486
f 2479 2480 2488
f 2479 2488 2487
f 2502 2782 2783
f 2502 2783 1458
f 2500 2501 2180
f 2500 2180 2179
f 3814 3815 2538
f 3814 2538 2537
f 3498 2489 3816
f 3498 3816 3817
f 3392 2490 3818
f 3392 3818 3819
f 2539 2491 3820
f 2539 3820 3821
f 3755 3756 2492
f 3755 2492 2594
f 2493 3323 3757
f 2493 3757 3758
f 2494 3427 3759
f 2494 3759 3760
f 2495 3761 3762
f 2495 3762 2496
f 3762 3763 2497
f 3762 2497 2496
f 3763 3764 2498
f 3763 2498 2497
f 3764 3765 2499
f 3764 2499 2498
f 3765 3766 2500
f 3765 2500 2499
f 3766 975 2501
f 3766 2501 2500
f 1458 3774 3775
f 1458 3775 2502
f 2503 2502 3775
f 2503 3775 3776
f 2504 2503 3776
f 2504 3776 3777
f 2505 2504 3777
f 2505 3777 3778
f 2506 2505 3778
f 2506 3778 3779
f 2507 2506 3779
f 2507 3779 3780
f 2507 3780 3781
f 2507 3781 2508
f 3552 2508 3781
f 3552 3781 3782
f 3664 2509 3783
f 3664 3783 3784
f 2511 2510 3785
f 2511 3785 3786
f 2512 2511 3786
f 2512 3786 3787
f 2513 2512 3787
f 2513 3787 3788
f 2514 2513 3788
f 2514 3788 3789
f 2515 2514 3789
f 2515 3789 3790
f 2516 2515 3790
f 2516 3790 3791
f 3791 3792 2517
f 3791 2517 2516
f 2518 2517 3792
f 2518 3792 3793
f 2519 2518 3793
f 2519 3793 3794
f 2520 2519 3794
f 2520 3794 3795
f 2521 2520 3795
f 2521 3795 3796
f 2522 2521 3796
f 2522 3796 3797
f 2523 2522 3797
f 2523 3797 3798
f 2524 3693 3799
f 2524 3799 3800
f 2525 3591 3801
f 2525 3801 3802
f 3802 3803 2526
f 3802 2526 2525
f 2527 2526 3803
f 2527 3803 3804
f 2528 2527 3804
f 2528 3804 3805
f 2529 2528 3805
f 2529 3805 3806
f 2530 2529 3806
f 2530 3806 3807
f 2531 2530 3807
f 2531 3807 3808
f 3809 3810 2533
f 3809 2533 2532
f 3810 3811 2534
f 3810 2534 2533
f 3811 3812 2535
f 3811 2535 2534
f 3812 3813 2536
f 3812 2536 2535
f 3813 3814 2537
f 3813 2537 2536
f 3822 3823 2541
f 3822 2541 2540
f 3823 3824 2542
f 3823 2542 2541
f 3824 3825 2543
f 3824 2543 2542
f 3825 3826 2544
f 3825 2544 2543
f 3826 3827 2545
f 3826 2545 2544
f 2547 2546 3828
f 2547 3828 3829
f 2548 2547 3829
f 2548 3829 3830
f 2549 2548 3830
f 2549 3830 3831
f 2550 2549 3831
f 2550 3831 3832
f 2551 2550 3832
f 2551 3832 3833
f 2551 3833 3834
f 2551 3834 2552
f 2553 2552 3834
f 2553 3834 3835
f 2554 2553 3835
f 2554 3835 3836
f 2555 2554 3836
f 2555 3836 3837
f 3837 3838 3606
f 3837 3606 2555
f 3839 3840 3708
f 3839 3708 2556
f 3841 3842 2558
f 3841 2558 2557
f 3842 3843 2559
f 3842 2559 2558
f 3843 3844 2560
f 3843 2560 2559
f 3844 3845 2561
f 3844 2561 2560
f 3845 3846 2562
f 3845 2562 2561
f 3846 3847 2563
f 3846 2563 2562
f 3847 3848 2564
f 3847 2564 2563
f 3848 3849 2565
f 3848 2565 2564
f 3849 3850 2566
f 3849 2566 2565
f 3851 3852 2568
f 3851 2568 2567
f 3852 3853 2569
f 3852 2569 2568
f 3853 3854 2570
f 3853 2570 2569
f 3854 3855 2571
f 3854 2571 2570
f 3855 3856 2572
f 3855 2572 2571
f 2572 3856 3724
f 2572 3724 2573
f 2574 2573 3724
f 2574 3724 3725
f 2575 2574 3725
f 2575 3725 3726
f 2576 2575 3726
f 2576 3726 3727
f 2577 3649 3728
f 2577 3728 3729
f 2578 3537 3730
f 2578 3730 3731
f 3731 3732 2579
f 3731 2579 2578
f 2580 2579 3732
f 2580 3732 3733
f 2581 2580 3733
f 2581 3733 3734
f 3734 3735 2582
f 3734 2582 2581
f 2583 2582 3735
f 2583 3735 3736
f 2584 2583 3736
f 2584 3736 3737
f 2585 2584 3737
f 2585 3737 3738
f 2586 2585 3738
f 2586 3738 3739
f 2587 2586 3739
f 2587 3739 3740
f 979 3748 3749
f 979 3749 2588
f 2589 2588 3749
f 2589 3749 3750
f 2590 2589 3750
f 2590 3750 3751
f 2591 2590 3751
f 2591 3751 3752
f 2592 2591 3752
f 2592 3752 3753
f 2593 2592 3753
f 2593 3753 3754
f 2539 3821 3822
f 2539 3822 2540
f 3815 3816 2489
f 3815 2489 2538
f 2596 2876 2877
f 2596 2877 2156
f 2597 2963 2964
f 2597 2964 2155
f 1940 2954 2955
f 1940 2955 2622
f 2040 2867 2868
f 2040 2868 2602
f 2846 1942 2531
f 2846 2531 2845
f 2837 2532 2158
f 2837 2158 2836
f 2605 2604 2154
f 2605 2154 2153
f 2606 2605 2153
f 2606 2153 2377
f 2607 2606 2377
f 2607 2377 2152
f 2607 2152 2186
f 2607 2186 2608
f 2609 2608 2186
f 2609 2186 2416
f 2610 2609 2416
f 2610 2416 2185
f 2611 2610 2185
f 2611 2185 2184
f 3097 2611 2184
f 3097 2184 3096
f 3106 1918 2614
f 3106 2614 3105
f 1918 1910 2615
f 1918 2615 2614
f 1910 2424 2616
f 1910 2616 2615
f 2424 1801 2617
f 2424 2617 2616
f 1801 2063 2618
f 1801 2618 2617
f 2063 2369 2619
f 2063 2619 2618
f 2369 2062 2620
f 2369 2620 2619
f 2062 1941 2621
f 2062 2621 2620
f 1941 3041 3042
f 1941 3042 2621
f 2604 3050 3051
f 2604 3051 2154
f 3876 3877 2630
f 3876 2630 2880
f 2631 2967 3878
f 2631 3878 3879
f 2975 2632 3868
f 2975 3868 3869
f 3870 3871 2888
f 3870 2888 2633
f 3873 3828 2546
f 3873 2546 2825
f 3827 3874 2833
f 3827 2833 2545
f 3902 3903 2635
f 3902 2635 3054
f 3903 3904 2636
f 3903 2636 2635
f 3904 3905 2637
f 3904 2637 2636
f 3905 3906 2638
f 3905 2638 2637
f 2638 3906 3907
f 2638 3907 2639
f 2640 2639 3907
f 2640 3907 3908
f 3908 3909 2641
f 3908 2641 2640
f 2642 2641 3909
f 2642 3909 3910
f 3093 2642 3910
f 3093 3910 3911
f 3912 3913 997
f 3912 997 2643
f 952 3920 3921
f 952 3921 2644
f 2645 3085 3922
f 2645 3922 3923
f 3923 3924 2646
f 3923 2646 2645
f 2647 2646 3924
f 2647 3924 3925
f 2648 2647 3925
f 2648 3925 3926
f 3926 3927 2649
f 3926 2649 2648
f 2650 2649 3927
f 2650 3927 3928
f 2651 2650 3928
f 2651 3928 3929
f 2652 2651 3929
f 2652 3929 3930
f 3062 2652 3930
f 3062 3930 3931
f 2180 2501 2790
f 2180 2790 2791
f 1813 2781 2782
f 1813 2782 2502
f 2655 2931 2932
f 2655 2932 1888
f 3019 1804 2613
f 3019 2613 3018
f 3010 2612 2183
f 3010 2183 3009
f 2922 2923 2656
f 2922 2656 2182
f 2920 2208 2658
f 2920 2658 2919
f 3007 2207 2643
f 3007 2643 3006
f 2998 2644 2305
f 2998 2305 2997
f 2911 2659 2304
f 2911 2304 2910
f 2803 2302 2587
f 2803 2587 2802
f 2794 2588 2210
f 2794 2210 2793
f 2821 2566 3850
f 2821 3850 3880
f 2662 2892 3882
f 2662 3882 3883
f 3884 3885 2663
f 3884 2663 2979
f 2994 2664 3886
f 2994 3886 3887
f 2907 2665 3888
f 2907 3888 3889
f 3891 3851 2567
f 3891 2567 2806
f 3895 3896 2668
f 3895 2668 2667
f 3896 3897 2669
f 3896 2669 2668
f 3897 3898 2670
f 3897 2670 2669
f 2670 3898 3899
f 2670 3899 2671
f 2672 2671 3899
f 2672 3899 3900
f 3900 3901 2673
f 3900 2673 2672
f 2674 2673 3901
f 2674 3901 3892
f 3892 3893 3081
f 3892 3081 2674
f 3894 3895 2667
f 3894 2667 3066
f 2676 2675 2684
f 2676 2684 2685
f 2675 2677 2686
f 2675 2686 2684
f 2677 2675 2678
f 2677 2678 2680
f 2675 2676 2679
f 2675 2679 2678
f 2680 2678 2681
f 2680 2681 2683
f 2678 2679 2682
f 2678 2682 2681
f 2683 2681 2687
f 2683 2687 2689
f 2681 2682 2688
f 2681 2688 2687
f 2685 2684 2690
f 2685 2690 2691
f 2684 2686 2692
f 2684 2692 2690
f 2689 2687 2693
f 2689 2693 2695
f 2687 2688 2694
f 2687 2694 2693
f 2691 2690 2696
f 2691 2696 2697
f 2690 2692 2698
f 2690 2698 2696
f 2695 2693 2696
f 2695 2696 2698
f 2693 2694 2697
f 2693 2697 2696
f 2677 2680 575
f 2677 575 574
f 2680 2683 576
f 2680 576 575
f 2686 2677 574
f 2686 574 573
f 2683 2689 577
f 2683 577 576
f 2692 2686 573
f 2692 573 572
f 2689 2695 578
f 2689 578 577
f 2685 557 558
f 2685 558 2676
f 558 559 2679
f 558 2679 2676
f 2682 2679 559
f 2682 559 561
f 2682 561 560
f 2682 560 2688
f 2691 2697 562
f 2691 562 563
f 2691 563 557
f 2691 557 2685
f 564 562 2697
f 564 2697 2694
f 2688 560 564
f 2688 564 2694
f 2692 572 793
f 2692 793 792
f 2698 2692 792
f 2698 792 791
f 578 2695 800
f 578 800 799
f 2695 2698 791
f 2695 791 800
f 2700 2699 2702
f 2700 2702 2703
f 2699 2701 2704
f 2699 2704 2702
f 2701 2699 2708
f 2701 2708 2710
f 2699 2700 2709
f 2699 2709 2708
f 2703 2702 2705
f 2703 2705 2706
f 2702 2704 2707
f 2702 2707 2705
f 2706 2705 2711
f 2706 2711 2712
f 2705 2707 2713
f 2705 2713 2711
f 2710 2708 2714
f 2710 2714 2716
f 2708 2709 2715
f 2708 2715 2714
f 2712 2711 2717
f 2712 2717 2718
f 2711 2713 2719
f 2711 2719 2717
f 2716 2714 2720
f 2716 2720 2722
f 2714 2715 2721
f 2714 2721 2720
f 2718 2717 2720
f 2718 2720 2721
f 2717 2719 2722
f 2717 2722 2720
f 2704 2701 226
f 2704 226 227
f 2707 2704 227
f 2707 227 228
f 2701 2710 225
f 2701 225 226
f 2713 2707 228
f 2713 228 229
f 2710 2716 224
f 2710 224 225
f 2719 2713 229
f 2719 229 230
f 2709 2700 210
f 2709 210 209
f 210 2700 2703
f 210 2703 211
f 2706 213 211
f 2706 211 2703
f 2706 2712 212
f 2706 212 213
f 2715 215 214
f 2715 214 2721
f 2715 2709 209
f 2715 209 215
f 216 2718 2721
f 216 2721 214
f 2712 2718 216
f 2712 216 212
f 467 224 2716
f 467 2716 466
f 2722 465 466
f 2722 466 2716
f 474 2719 230
f 474 230 473
f 2719 474 465
f 2719 465 2722
f 2724 2723 2726
f 2724 2726 2727
f 2723 2725 2728
f 2723 2728 2726
f 2725 2723 2732
f 2725 2732 2734
f 2723 2724 2733
f 2723 2733 2732
f 2727 2726 2729
f 2727 2729 2730
f 2726 2728 2731
f 2726 2731 2729
f 2730 2729 2735
f 2730 2735 2736
f 2729 2731 2737
f 2729 2737 2735
f 2734 2732 2741
f 2734 2741 2743
f 2732 2733 2742
f 2732 2742 2741
f 2736 2735 2744
f 2736 2744 2745
f 2735 2737 2746
f 2735 2746 2744
f 2739 2738 2744
f 2739 2744 2746
f 2738 2740 2745
f 2738 2745 2744
f 2740 2738 2741
f 2740 2741 2742
f 2738 2739 2743
f 2738 2743 2741
f 2728 2725 193
f 2728 193 194
f 2731 2728 194
f 2731 194 195
f 2725 2734 192
f 2725 192 193
f 2737 2731 195
f 2737 195 196
f 2743 2739 485
f 2743 485 486
f 2743 486 487
f 2743 487 191
f 494 2746 197
f 494 197 493
f 494 485 2739
f 494 2739 2746
f 2734 2743 191
f 2734 191 192
f 2746 2737 196
f 2746 196 197
f 2724 2727 173
f 2724 173 172
f 2733 2724 172
f 2733 172 175
f 2727 2730 177
f 2727 177 173
f 2730 2736 176
f 2730 176 177
f 2740 2742 179
f 2740 179 178
f 2742 2733 175
f 2742 175 179
f 2745 2740 178
f 2745 178 180
f 2736 2745 180
f 2736 180 176
f 2748 2747 2756
f 2748 2756 2757
f 2747 2749 2758
f 2747 2758 2756
f 2749 2747 2750
f 2749 2750 2752
f 2747 2748 2751
f 2747 2751 2750
f 2752 2750 2753
f 2752 2753 2755
f 2750 2751 2754
f 2750 2754 2753
f 2755 2753 2759
f 2755 2759 2761
f 2753 2754 2760
f 2753 2760 2759
f 2757 2756 2765
f 2757 2765 2766
f 2756 2758 2767
f 2756 2767 2765
f 2761 2759 2768
f 2761 2768 2770
f 2759 2760 2769
f 2759 2769 2768
f 2763 2762 2765
f 2763 2765 2767
f 2762 2764 2766
f 2762 2766 2765
f 2764 2762 2768
f 2764 2768 2769
f 2762 2763 2770
f 2762 2770 2768
f 2749 2752 542
f 2749 542 541
f 2752 2755 543
f 2752 543 542
f 2758 2749 541
f 2758 541 540
f 2755 2761 544
f 2755 544 543
f 2767 812 811
f 2767 811 2763
f 812 2767 539
f 812 539 813
f 2770 820 819
f 2770 819 545
f 820 2770 2763
f 820 2763 811
f 2767 2758 540
f 2767 540 539
f 2761 2770 545
f 2761 545 544
f 2748 520 521
f 2748 521 2751
f 2757 523 520
f 2757 520 2748
f 2751 521 525
f 2751 525 2754
f 2754 525 524
f 2754 524 2760
f 2764 526 527
f 2764 527 2766
f 2766 527 523
f 2766 523 2757
f 2769 528 526
f 2769 526 2764
f 2760 524 528
f 2760 528 2769
f 2495 2494 3760
f 2495 3760 3761
f 3754 3755 2594
f 3754 2594 2593
f 2772 2771 1909
f 2772 1909 1908
f 2773 2772 1908
f 2773 1908 1907
f 2774 2773 1907
f 2774 1907 1906
f 2775 2774 1906
f 2775 1906 1905
f 2776 2775 1905
f 2776 1905 1904
f 2777 2776 1904
f 2777 1904 1903
f 2778 2777 1903
f 2778 1903 1902
f 2779 2778 1902
f 2779 1902 1901
f 2780 2779 1901
f 2780 1901 1900
f 2781 2780 1900
f 2781 1900 1899
f 2782 2781 1899
f 2782 1899 2654
f 2783 2782 2654
f 2783 2654 1568
f 1569 2784 2783
f 1569 2783 1568
f 1570 2785 2784
f 1570 2784 1569
f 2786 2785 1570
f 2786 1570 1571
f 2787 3343 3344
f 2787 3344 1572
f 2788 2787 1572
f 2788 1572 1573
f 2789 2788 1573
f 2789 1573 987
f 2790 2789 987
f 2790 987 2653
f 2791 2790 2653
f 2791 2653 2181
f 2181 3419 3420
f 2181 3420 2791
f 2083 3315 3316
f 2083 3316 2792
f 2657 2794 2793
f 2657 2793 2209
f 2795 2794 2657
f 2795 2657 986
f 1737 2796 2795
f 1737 2795 986
f 1738 2797 2796
f 1738 2796 1737
f 2798 3448 3449
f 2798 3449 1739
f 1740 2799 2798
f 1740 2798 1739
f 2800 2799 1740
f 2800 1740 1741
f 2801 2800 1741
f 2801 1741 895
f 2660 2802 2801
f 2660 2801 895
f 2303 2803 2802
f 2303 2802 2660
f 3526 2803 2303
f 3526 2303 3525
f 3638 2804 906
f 3638 906 3637
f 2806 2805 2333
f 2806 2333 2666
f 3890 3891 2806
f 3890 2806 2666
f 2264 2808 2807
f 2264 2807 894
f 2265 2809 2808
f 2265 2808 2264
f 2810 2809 2265
f 2810 2265 2254
f 2811 2810 2254
f 2811 2254 2255
f 2812 2811 2255
f 2812 2255 2256
f 2813 2812 2256
f 2813 2256 2257
f 2258 2814 2813
f 2258 2813 2257
f 2815 2814 2258
f 2815 2258 2259
f 2816 2815 2259
f 2816 2259 2260
f 2261 2817 2816
f 2261 2816 2260
f 2262 2818 2817
f 2262 2817 2261
f 2263 2819 2818
f 2263 2818 2262
f 893 2820 2819
f 893 2819 2263
f 2661 2821 3880
f 2661 3880 3881
f 2822 2821 2661
f 2822 2661 2344
f 2823 3719 3720
f 2823 3720 917
f 2824 3617 3618
f 2824 3618 2314
f 2634 2825 2824
f 2634 2824 2314
f 3872 3873 2825
f 3872 2825 2634
f 2827 2826 896
f 2827 896 1742
f 2828 2827 1742
f 2828 1742 1743
f 2829 2828 1743
f 2829 1743 1734
f 3477 2829 1734
f 3477 1734 3476
f 1736 2831 2830
f 1736 2830 1735
f 985 2832 2831
f 985 2831 1736
f 3874 3875 2629
f 3874 2629 2833
f 2834 2833 2629
f 2834 2629 2192
f 2835 3399 3400
f 2835 3400 2090
f 2836 3505 3506
f 2836 3506 2157
f 2595 2837 2836
f 2595 2836 2157
f 3861 3862 2837
f 3861 2837 2595
f 2839 2838 984
f 2839 984 1574
f 2840 2839 1574
f 2840 1574 1575
f 3372 2840 1575
f 3372 1575 3371
f 2842 2841 1576
f 2842 1576 1577
f 1578 2843 2842
f 1578 2842 1577
f 1579 2844 2843
f 1579 2843 1578
f 2603 2845 3863
f 2603 3863 3864
f 2051 2846 2845
f 2051 2845 2603
f 2847 2846 2051
f 2847 2051 2052
f 2848 2847 2052
f 2848 2052 2053
f 2849 2848 2053
f 2849 2053 2054
f 2850 2849 2054
f 2850 2054 2055
f 2851 2850 2055
f 2851 2055 2056
f 2852 2851 2056
f 2852 2056 2057
f 2853 2852 2057
f 2853 2057 2058
f 2854 2853 2058
f 2854 2058 2059
f 2855 2854 2059
f 2855 2059 2060
f 2856 2855 2060
f 2856 2060 2061
f 2061 2060 2858
f 2061 2858 2857
f 2060 2059 2859
f 2060 2859 2858
f 2860 2859 2059
f 2860 2059 2058
f 2861 2860 2058
f 2861 2058 2057
f 2862 2861 2057
f 2862 2057 2056
f 2056 2055 2863
f 2056 2863 2862
f 2055 2054 2864
f 2055 2864 2863
f 2865 2864 2054
f 2865 2054 2053
f 2866 2865 2053
f 2866 2053 2052
f 2867 2866 2052
f 2867 2052 2051
f 2868 2867 2051
f 2868 2051 2603
f 3864 3865 2868
f 3864 2868 2603
f 2870 2869 1579
f 2870 1579 1578
f 2871 2870 1578
f 2871 1578 1577
f 1577 1576 2872
f 1577 2872 2871
f 3371 1575 2873
f 3371 2873 3370
f 1574 2874 2873
f 1574 2873 1575
f 984 2875 2874
f 984 2874 1574
f 2876 3860 3861
f 2876 3861 2595
f 2877 2876 2595
f 2877 2595 2157
f 3507 2877 2157
f 3507 2157 3506
f 3400 3401 2878
f 3400 2878 2090
f 2880 2879 2192
f 2880 2192 2629
f 3875 3876 2880
f 3875 2880 2629
f 2882 2881 985
f 2882 985 1736
f 2883 2882 1736
f 2883 1736 1735
f 3476 1734 2884
f 3476 2884 3475
f 1743 2885 2884
f 1743 2884 1734
f 1742 2886 2885
f 1742 2885 1743
f 896 2887 2886
f 896 2886 1742
f 2888 3871 3872
f 2888 3872 2634
f 2889 2888 2634
f 2889 2634 2314
f 3619 2889 2314
f 3619 2314 3618
f 917 3720 3721
f 917 3721 2890
f 2344 2661 2892
f 2344 2892 2891
f 3881 3882 2892
f 3881 2892 2661
f 2894 2893 893
f 2894 893 2263
f 2895 2894 2263
f 2895 2263 2262
f 2896 2895 2262
f 2896 2262 2261
f 2897 2896 2261
f 2897 2261 2260
f 2259 2898 2897
f 2259 2897 2260
f 2258 2899 2898
f 2258 2898 2259
f 2900 2899 2258
f 2900 2258 2257
f 2257 2256 2901
f 2257 2901 2900
f 2256 2255 2902
f 2256 2902 2901
f 2255 2254 2903
f 2255 2903 2902
f 2254 2265 2904
f 2254 2904 2903
f 2905 2904 2265
f 2905 2265 2264
f 2906 2905 2264
f 2906 2264 894
f 2666 2907 3889
f 2666 3889 3890
f 2908 2907 2666
f 2908 2666 2333
f 2909 3636 3637
f 2909 3637 906
f 2303 2910 3524
f 2303 3524 3525
f 2660 2911 2910
f 2660 2910 2303
f 895 2912 2911
f 895 2911 2660
f 895 1741 2913
f 895 2913 2912
f 1741 1740 2914
f 1741 2914 2913
f 2915 2914 1740
f 2915 1740 1739
f 1739 3449 3450
f 1739 3450 2915
f 2917 2916 1738
f 2917 1738 1737
f 2918 2917 1737
f 2918 1737 986
f 2657 2919 2918
f 2657 2918 986
f 2209 2920 2919
f 2209 2919 2657
f 2083 2921 3314
f 2083 3314 3315
f 2181 2922 3418
f 2181 3418 3419
f 2181 2653 2923
f 2181 2923 2922
f 2924 2923 2653
f 2924 2653 987
f 987 1573 2925
f 987 2925 2924
f 1573 1572 2926
f 1573 2926 2925
f 1572 3344 3345
f 1572 3345 2926
f 1571 1570 2928
f 1571 2928 2927
f 2929 2928 1570
f 2929 1570 1569
f 2930 2929 1569
f 2930 1569 1568
f 1568 2654 2931
f 1568 2931 2930
f 2932 2931 2654
f 2932 2654 1899
f 2933 2932 1899
f 2933 1899 1900
f 2934 2933 1900
f 2934 1900 1901
f 2935 2934 1901
f 2935 1901 1902
f 1903 2936 2935
f 1903 2935 1902
f 1904 2937 2936
f 1904 2936 1903
f 2938 2937 1904
f 2938 1904 1905
f 2939 2938 1905
f 2939 1905 1906
f 1907 2940 2939
f 1907 2939 1906
f 1908 2941 2940
f 1908 2940 1907
f 1909 2942 2941
f 1909 2941 1908
f 2050 2049 2945
f 2050 2945 2944
f 2049 2048 2946
f 2049 2946 2945
f 2048 2047 2947
f 2048 2947 2946
f 2047 2046 2948
f 2047 2948 2947
f 2046 2045 2949
f 2046 2949 2948
f 2045 2044 2950
f 2045 2950 2949
f 2044 2043 2951
f 2044 2951 2950
f 2043 2042 2952
f 2043 2952 2951
f 2042 2041 2953
f 2042 2953 2952
f 2041 2040 2954
f 2041 2954 2953
f 2955 2954 2040
f 2955 2040 2602
f 3866 3867 2955
f 3866 2955 2602
f 2957 2956 1567
f 2957 1567 1566
f 2958 2957 1566
f 2958 1566 1565
f 1565 1564 2959
f 1565 2959 2958
f 3369 1563 2960
f 3369 2960 3368
f 1562 2961 2960
f 1562 2960 1563
f 980 2962 2961
f 980 2961 1562
f 2963 3858 3859
f 2963 3859 2596
f 2964 2963 2596
f 2964 2596 2156
f 3509 2964 2156
f 3509 2156 3508
f 3403 2965 2089
f 3403 2089 3402
f 2191 2630 2967
f 2191 2967 2966
f 3877 3878 2967
f 3877 2967 2630
f 2969 2968 981
f 2969 981 1726
f 2970 2969 1726
f 2970 1726 1725
f 3474 1724 2971
f 3474 2971 3473
f 1733 2972 2971
f 1733 2971 1724
f 1732 2973 2972
f 1732 2972 1733
f 892 2974 2973
f 892 2973 1732
f 2633 2975 3869
f 2633 3869 3870
f 2313 2976 2975
f 2313 2975 2633
f 3621 2976 2313
f 3621 2313 3620
f 3723 2977 916
f 3723 916 3722
f 2979 2978 2343
f 2979 2343 2662
f 3883 3884 2979
f 3883 2979 2662
f 2981 2980 889
f 2981 889 2275
f 2982 2981 2275
f 2982 2275 2274
f 2983 2982 2274
f 2983 2274 2273
f 2984 2983 2273
f 2984 2273 2272
f 2271 2985 2984
f 2271 2984 2272
f 2270 2986 2985
f 2270 2985 2271
f 2987 2986 2270
f 2987 2270 2269
f 2269 2268 2988
f 2269 2988 2987
f 2268 2267 2989
f 2268 2989 2988
f 2267 2266 2990
f 2267 2990 2989
f 2266 2277 2991
f 2266 2991 2990
f 2992 2991 2277
f 2992 2277 2276
f 2993 2992 2276
f 2993 2276 890
f 2665 2994 3887
f 2665 3887 3888
f 2995 2994 2665
f 2995 2665 2334
f 2996 3634 3635
f 2996 3635 907
f 3523 2304 2997
f 3523 2997 3522
f 2659 2998 2997
f 2659 2997 2304
f 891 2999 2998
f 891 2998 2659
f 891 1731 3000
f 891 3000 2999
f 1731 1730 3001
f 1731 3001 3000
f 3002 3001 1730
f 3002 1730 1729
f 1729 3451 3452
f 1729 3452 3002
f 3004 3003 1728
f 3004 1728 1727
f 3005 3004 1727
f 3005 1727 982
f 2658 3006 3005
f 2658 3005 982
f 2208 3007 3006
f 2208 3006 2658
f 3008 3312 3313
f 3008 3313 2082
f 3009 3416 3417
f 3009 3417 2182
f 2656 3010 3009
f 2656 3009 2182
f 983 3011 3010
f 983 3010 2656
f 983 1561 3012
f 983 3012 3011
f 1561 1560 3013
f 1561 3013 3012
f 1560 3346 3347
f 1560 3347 3013
f 1559 1558 3015
f 1559 3015 3014
f 3016 3015 1558
f 3016 1558 1557
f 3017 3016 1557
f 3017 1557 1556
f 2655 3018 3017
f 2655 3017 1556
f 1888 3019 3018
f 1888 3018 2655
f 3020 3019 1888
f 3020 1888 1889
f 1889 1890 3021
f 1889 3021 3020
f 1890 1891 3022
f 1890 3022 3021
f 1891 1892 3023
f 1891 3023 3022
f 1892 1893 3024
f 1892 3024 3023
f 1893 1894 3025
f 1893 3025 3024
f 1894 1895 3026
f 1894 3026 3025
f 3027 3026 1895
f 3027 1895 1896
f 1896 1897 3028
f 1896 3028 3027
f 1897 1898 3029
f 1897 3029 3028
f 1964 1963 3031
f 1964 3031 3030
f 1963 1962 3032
f 1963 3032 3031
f 1962 1961 3033
f 1962 3033 3032
f 1961 1955 3034
f 1961 3034 3033
f 1955 1954 3035
f 1955 3035 3034
f 1954 1951 3036
f 1954 3036 3035
f 1951 1949 3037
f 1951 3037 3036
f 1949 1947 3038
f 1949 3038 3037
f 1947 1945 3039
f 1947 3039 3038
f 1945 1943 3040
f 1945 3040 3039
f 1943 1940 3041
f 1943 3041 3040
f 3042 3041 1940
f 3042 1940 2622
f 1776 3043 3042
f 1776 3042 2622
f 3044 3043 3942
f 3044 3942 1775
f 3045 3044 1775
f 3045 1775 2601
f 2601 1774 3046
f 2601 3046 3045
f 3365 2600 3047
f 3365 3047 3364
f 2599 3048 3047
f 2599 3047 2600
f 2598 3049 3048
f 2598 3048 2599
f 3857 3932 3049
f 3857 3049 2598
f 3051 3050 2597
f 3051 2597 2155
f 2155 3404 3405
f 2155 3405 3051
f 3300 3301 3052
f 3300 3052 2088
f 3054 3053 2190
f 3054 2190 2631
f 3879 3902 3054
f 3879 3054 2631
f 3056 3055 1000
f 3056 1000 1788
f 3057 3056 1788
f 3057 1788 1787
f 3058 3469 3470
f 3058 3470 1796
f 1795 3059 3058
f 1795 3058 1796
f 1794 3060 3059
f 1794 3059 1795
f 955 3061 3060
f 955 3060 1794
f 2632 3062 3931
f 2632 3931 3868
f 2312 3063 3062
f 2312 3062 2632
f 2312 3510 3511
f 2312 3511 3063
f 3622 3623 3064
f 3622 3064 915
f 2663 3066 3065
f 2663 3065 2342
f 3885 3894 3066
f 3885 3066 2663
f 3068 3067 954
f 3068 954 2251
f 3069 3068 2251
f 3069 2251 2250
f 3070 3069 2250
f 3070 2250 2249
f 2249 2248 3071
f 2249 3071 3070
f 2247 3072 3071
f 2247 3071 2248
f 2246 3073 3072
f 2246 3072 2247
f 3074 3073 2246
f 3074 2246 2245
f 3075 3074 2245
f 3075 2245 2244
f 3076 3075 2244
f 3076 2244 2243
f 2243 2242 3077
f 2243 3077 3076
f 2242 2253 3078
f 2242 3078 3077
f 2253 2252 3079
f 2253 3079 3078
f 2252 953 3080
f 2252 3080 3079
f 3893 3886 2664
f 3893 2664 3081
f 2664 2335 3082
f 2664 3082 3081
f 3633 908 3083
f 3633 3083 3632
f 3521 2305 3084
f 3521 3084 3520
f 3085 3084 2305
f 3085 2305 2644
f 3921 3922 3085
f 3921 3085 2644
f 956 1793 3087
f 956 3087 3086
f 1793 1792 3088
f 1793 3088 3087
f 3089 3088 1792
f 3089 1792 1791
f 1791 3455 3456
f 1791 3456 3089
f 1790 1789 3091
f 1790 3091 3090
f 1789 1001 3092
f 1789 3092 3091
f 2643 3093 3911
f 2643 3911 3912
f 2207 3094 3093
f 2207 3093 2643
f 3311 2081 3095
f 3311 3095 3310
f 2183 3096 3414
f 2183 3414 3415
f 2612 3097 3096
f 2612 3096 2183
f 1002 3098 3941
f 1002 3941 998
f 1002 1773 3099
f 1002 3099 3098
f 3100 3099 1773
f 3100 1773 1772
f 1772 3350 3351
f 1772 3351 3100
f 3102 3101 1771
f 3102 1771 1770
f 1770 1769 3103
f 1770 3103 3102
f 1769 1764 3104
f 1769 3104 3103
f 3104 1764 2613
f 3104 2613 3105
f 1804 3106 3105
f 1804 3105 2613
f 1804 1825 3107
f 1804 3107 3106
f 1825 1824 3108
f 1825 3108 3107
f 1824 1823 3109
f 1824 3109 3108
f 1823 1822 3110
f 1823 3110 3109
f 1822 1821 3111
f 1822 3111 3110
f 1821 1820 3112
f 1821 3112 3111
f 1820 1805 3113
f 1820 3113 3112
f 3114 3113 1805
f 3114 1805 1809
f 1809 1810 3115
f 1809 3115 3114
f 1810 1811 3116
f 1810 3116 3115
f 1811 1812 3117
f 1811 3117 3116
f 3118 246 360
f 3118 360 3119
f 3120 3119 360
f 3120 360 242
f 239 3121 3120
f 239 3120 242
f 239 586 3122
f 239 3122 3121
f 3123 3122 586
f 3123 586 700
f 3124 3123 700
f 3124 700 590
f 3125 3124 590
f 3125 590 585
f 3159 3203 3215
f 3159 3215 3216
f 3145 3151 3159
f 3145 3159 3216
f 3151 3150 3160
f 3151 3160 3159
f 3127 3126 583
f 3127 583 593
f 593 584 3128
f 593 3128 3127
f 3129 3128 584
f 3129 584 589
f 589 238 3130
f 589 3130 3129
f 245 3131 3130
f 245 3130 238
f 3132 3131 245
f 3132 245 236
f 249 3133 3132
f 249 3132 236
f 3134 3133 249
f 3134 249 235
f 371 3135 3134
f 371 3134 235
f 408 3136 3135
f 408 3135 371
f 408 237 3137
f 408 3137 3136
f 3118 3137 237
f 3118 237 246
f 3217 3218 3162
f 3217 3162 3139
f 3223 3224 3168
f 3223 3168 3167
f 3228 3278 3279
f 3228 3279 3172
f 3227 3228 3172
f 3227 3172 3171
f 3226 3227 3171
f 3226 3171 3170
f 3218 3219 3163
f 3218 3163 3162
f 3219 3220 3164
f 3219 3164 3163
f 3138 3230 3217
f 3138 3217 3139
f 3139 3162 3190
f 3139 3190 3140
f 3230 3138 850
f 3230 850 851
f 3289 3165 3187
f 3289 3187 3288
f 3166 3167 3185
f 3166 3185 3186
f 3167 3168 3184
f 3167 3184 3185
f 3165 3166 3186
f 3165 3186 3187
f 3180 3172 3279
f 3180 3279 3295
f 3171 3172 3180
f 3171 3180 3181
f 3169 3170 3182
f 3169 3182 3183
f 3170 3171 3181
f 3170 3181 3182
f 3168 3169 3183
f 3168 3183 3184
f 3162 3163 3189
f 3162 3189 3190
f 3174 3175 3177
f 3174 3177 3178
f 3163 3164 3188
f 3163 3188 3189
f 3179 3173 3178
f 3179 3178 3212
f 3138 3176 849
f 3138 849 850
f 3290 3221 3165
f 3290 3165 3289
f 3221 3222 3166
f 3221 3166 3165
f 3222 3223 3167
f 3222 3167 3166
f 3224 3225 3169
f 3224 3169 3168
f 3225 3226 3170
f 3225 3170 3169
f 3175 3174 3126
f 3175 3126 778
f 849 3176 3175
f 849 3175 778
f 3176 3191 3177
f 3176 3177 3175
f 3177 3191 3192
f 3177 3192 3178
f 3212 3178 3192
f 3212 3192 3193
f 3211 3280 3281
f 3211 3281 3194
f 3210 3211 3194
f 3210 3194 3195
f 3208 3210 3195
f 3208 3195 3196
f 3183 3182 3208
f 3183 3208 3209
f 3186 3185 3198
f 3186 3198 3199
f 3187 3186 3199
f 3187 3199 3200
f 3288 3187 3200
f 3288 3200 3287
f 3189 3188 3201
f 3189 3201 3213
f 3140 3190 3189
f 3140 3189 3158
f 3191 3176 3138
f 3191 3138 3161
f 3192 3191 3161
f 3192 3161 3160
f 3193 3192 3160
f 3193 3160 3150
f 3194 3281 3282
f 3194 3282 3153
f 3195 3194 3153
f 3195 3153 3155
f 3196 3195 3155
f 3196 3155 3157
f 3197 3196 3157
f 3197 3157 3156
f 3199 3198 3147
f 3199 3147 3146
f 3200 3199 3146
f 3200 3146 3143
f 3287 3200 3143
f 3287 3143 3286
f 3189 3213 3214
f 3189 3214 3158
f 3148 3207 47
f 3148 47 104
f 3156 3148 104
f 3156 104 42
f 3183 3209 95
f 3183 95 119
f 3198 3185 73
f 3198 73 52
f 3184 3183 119
f 3184 119 94
f 3185 3184 94
f 3185 94 73
f 3197 3156 42
f 3197 42 41
f 3147 3198 52
f 3147 52 44
f 3202 3138 3139
f 3202 3139 3140
f 3140 3158 3203
f 3140 3203 3202
f 3214 3215 3203
f 3214 3203 3158
f 3286 3143 3205
f 3286 3205 3285
f 3143 3146 3206
f 3143 3206 3205
f 3146 3147 3207
f 3146 3207 3206
f 47 3207 3147
f 47 3147 44
f 3209 3208 3196
f 3209 3196 3197
f 95 3209 3197
f 95 3197 41
f 3182 3181 3210
f 3182 3210 3208
f 3181 3180 3211
f 3181 3211 3210
f 3280 3211 3180
f 3280 3180 3295
f 3214 3213 3201
f 3214 3201 3142
f 3204 3215 3214
f 3204 3214 3142
f 3216 3215 3204
f 3216 3204 3145
f 852 777 3218
f 852 3218 3217
f 777 3125 3219
f 777 3219 3218
f 3125 585 3220
f 3125 3220 3219
f 694 3221 3290
f 694 3290 3291
f 581 3222 3221
f 581 3221 694
f 682 3223 3222
f 682 3222 581
f 682 742 3224
f 682 3224 3223
f 709 3225 3224
f 709 3224 742
f 681 3226 3225
f 681 3225 709
f 681 579 3227
f 681 3227 3226
f 579 693 3228
f 579 3228 3227
f 693 3277 3278
f 693 3278 3228
f 3217 3230 851
f 3217 851 852
f 3174 3178 3173
f 3174 3173 3229
f 3174 3229 583
f 3174 583 3126
f 3232 3231 586
f 3232 586 239
f 3233 3232 239
f 3233 239 242
f 360 3234 3233
f 360 3233 242
f 3235 3234 360
f 3235 360 246
f 3236 3235 246
f 3236 246 237
f 3237 3236 237
f 3237 237 408
f 3238 3237 408
f 3238 408 371
f 235 3239 3238
f 235 3238 371
f 3240 3239 235
f 3240 235 249
f 236 3241 3240
f 236 3240 249
f 245 3242 3241
f 245 3241 236
f 3243 3242 245
f 3243 245 238
f 3244 3243 238
f 3244 238 589
f 589 584 3245
f 589 3245 3244
f 584 593 3246
f 584 3246 3245
f 3247 3246 593
f 3247 593 583
f 3248 3247 583
f 3248 583 3229
f 3249 3248 3229
f 3249 3229 3173
f 3296 3249 3173
f 3296 3173 3179
f 3250 3296 3179
f 3250 3179 3212
f 3252 3251 3151
f 3252 3151 3145
f 3204 3253 3252
f 3204 3252 3145
f 3142 3254 3253
f 3142 3253 3204
f 3201 3255 3254
f 3201 3254 3142
f 3188 3256 3255
f 3188 3255 3201
f 3164 3257 3256
f 3164 3256 3188
f 3220 3258 3257
f 3220 3257 3164
f 3259 3258 3220
f 3259 3220 585
f 3260 3259 585
f 3260 585 590
f 3261 3260 590
f 3261 590 700
f 700 586 3231
f 700 3231 3261
f 3262 3232 3233
f 3262 3233 3263
f 3234 3264 3263
f 3234 3263 3233
f 3265 3264 3234
f 3265 3234 3235
f 3266 3265 3235
f 3266 3235 3236
f 3267 3266 3236
f 3267 3236 3237
f 3268 3267 3237
f 3268 3237 3238
f 3239 3269 3268
f 3239 3268 3238
f 3270 3269 3239
f 3270 3239 3240
f 3241 3271 3270
f 3241 3270 3240
f 3242 3272 3271
f 3242 3271 3241
f 3273 3272 3242
f 3273 3242 3243
f 3274 3273 3243
f 3274 3243 3244
f 3244 3245 3275
f 3244 3275 3274
f 3245 3246 3276
f 3245 3276 3275
f 3277 3276 3246
f 3277 3246 3247
f 3278 3277 3247
f 3278 3247 3248
f 3279 3278 3248
f 3279 3248 3249
f 3295 3279 3249
f 3295 3249 3296
f 3250 3280 3295
f 3250 3295 3296
f 3281 3280 3250
f 3281 3250 3297
f 3282 3281 3297
f 3282 3297 3298
f 3298 3251 3283
f 3298 3283 3282
f 3284 3283 3251
f 3284 3251 3252
f 3253 3285 3284
f 3253 3284 3252
f 3254 3286 3285
f 3254 3285 3253
f 3255 3287 3286
f 3255 3286 3254
f 3256 3288 3287
f 3256 3287 3255
f 3257 3289 3288
f 3257 3288 3256
f 3258 3290 3289
f 3258 3289 3257
f 3291 3290 3258
f 3291 3258 3259
f 3292 3291 3259
f 3292 3259 3260
f 3293 3292 3260
f 3293 3260 3261
f 3261 3231 3294
f 3261 3294 3293
f 3262 3294 3231
f 3262 3231 3232
f 3297 3250 3212
f 3297 3212 3193
f 3298 3297 3193
f 3298 3193 3150
f 3251 3298 3150
f 3251 3150 3151
f 3299 459 266
f 3299 266 291
f 460 3299 291
f 460 291 273
f 2190 3053 3301
f 2190 3301 3300
f 3053 2189 3302
f 3053 3302 3301
f 2189 2188 3303
f 2189 3303 3302
f 2379 3304 3303
f 2379 3303 2188
f 2187 3305 3304
f 2187 3304 2379
f 3306 3305 2187
f 3306 2187 2204
f 3307 3306 2204
f 3307 2204 2414
f 2205 3308 3307
f 2205 3307 2414
f 3309 3308 2205
f 3309 2205 2206
f 3094 3310 3309
f 3094 3309 2206
f 2207 3311 3310
f 2207 3310 3094
f 2207 3007 3312
f 2207 3312 3311
f 3313 3312 3007
f 3313 3007 2208
f 3314 3313 2208
f 3314 2208 2920
f 3315 3314 2920
f 3315 2920 2209
f 3316 3315 2209
f 3316 2209 2793
f 3317 3316 2793
f 3317 2793 2210
f 2210 2211 3318
f 2210 3318 3317
f 3319 3318 2211
f 3319 2211 2212
f 3320 3319 2212
f 3320 2212 2213
f 3321 3320 2213
f 3321 2213 2214
f 3322 3321 2214
f 3322 2214 2215
f 3323 3322 2215
f 3323 2215 2492
f 3756 3757 3323
f 3756 3323 2492
f 3325 3324 2216
f 3325 2216 2217
f 3326 3325 2217
f 3326 2217 2218
f 3541 3542 3326
f 3541 3326 2218
f 3653 3654 3327
f 3653 3327 2219
f 3329 3328 2220
f 3329 2220 2228
f 3330 3434 3435
f 3330 3435 1099
f 3331 3330 1099
f 3331 1099 1126
f 1053 3332 3331
f 1053 3331 1126
f 3333 3659 3660
f 3333 3660 1057
f 3334 3547 3548
f 3334 3548 1033
f 1545 3335 3334
f 1545 3334 1033
f 3336 3335 1545
f 3336 1545 1531
f 3337 3336 1531
f 3337 1531 1517
f 3338 3337 1517
f 3338 1517 1503
f 3339 3338 1503
f 3339 1503 1489
f 3340 3339 1489
f 3340 1489 1449
f 1435 3341 3340
f 1435 3340 1449
f 1461 3342 3770
f 1461 3770 3771
f 3343 3342 1461
f 3343 1461 2786
f 3344 3343 2786
f 3344 2786 1571
f 3345 3344 1571
f 3345 1571 2927
f 3346 3345 2927
f 3346 2927 1559
f 3347 3346 1559
f 3347 1559 3014
f 3348 3347 3014
f 3348 3014 1767
f 1040 3349 3348
f 1040 3348 1767
f 3350 3349 1040
f 3350 1040 1771
f 3351 3350 1771
f 3351 1771 3101
f 3352 3351 3101
f 3352 3101 1583
f 3353 3352 1583
f 3353 1583 1595
f 3354 3353 1595
f 3354 1595 2420
f 2420 1025 3355
f 2420 3355 3354
f 1209 3356 3355
f 1209 3355 1025
f 1240 3357 3356
f 1240 3356 1209
f 1022 3358 3357
f 1022 3357 1240
f 3359 3358 1022
f 3359 1022 1284
f 3360 3359 1284
f 3360 1284 1023
f 3361 3360 1023
f 3361 1023 2373
f 1600 3362 3361
f 1600 3361 2373
f 1588 3363 3362
f 1588 3362 1600
f 3046 3364 3363
f 3046 3363 1588
f 1774 3365 3364
f 1774 3364 3046
f 3365 1774 1038
f 3365 1038 3366
f 3366 1038 2626
f 3366 2626 3367
f 2959 3368 3367
f 2959 3367 2626
f 1564 3369 3368
f 1564 3368 2959
f 2872 3370 3369
f 2872 3369 1564
f 1576 3371 3370
f 1576 3370 2872
f 2841 3372 3371
f 2841 3371 1576
f 1454 3373 3372
f 1454 3372 2841
f 3373 1454 1428
f 3373 1428 3374
f 1442 3375 3374
f 1442 3374 1428
f 3376 3375 1442
f 3376 1442 1496
f 3377 3376 1496
f 3377 1496 1510
f 3378 3377 1510
f 3378 1510 1524
f 3379 3378 1524
f 3379 1524 1538
f 3380 3379 1538
f 3380 1538 1552
f 3381 3380 1552
f 3381 1552 1031
f 3595 3596 3381
f 3595 3381 1031
f 3697 3698 3382
f 3697 3382 1061
f 1130 3384 3383
f 1130 3383 1046
f 1098 3385 3384
f 1098 3384 1130
f 3491 3385 1098
f 3491 1098 3490
f 2226 2203 3387
f 2226 3387 3386
f 3388 3703 3704
f 3388 3704 2202
f 3389 3601 3602
f 3389 3602 2201
f 2200 3390 3389
f 2200 3389 2201
f 2199 3391 3390
f 2199 3390 2200
f 2491 3392 3819
f 2491 3819 3820
f 2198 3393 3392
f 2198 3392 2491
f 2198 2197 3394
f 2198 3394 3393
f 2197 2196 3395
f 2197 3395 3394
f 2196 2195 3396
f 2196 3396 3395
f 2195 2194 3397
f 2195 3397 3396
f 2193 3398 3397
f 2193 3397 2194
f 2193 2834 3399
f 2193 3399 3398
f 3400 3399 2834
f 3400 2834 2192
f 2192 2879 3401
f 2192 3401 3400
f 2879 2191 3402
f 2879 3402 3401
f 2966 3403 3402
f 2966 3402 2191
f 2190 3300 3403
f 2190 3403 2966
f 3404 2088 3052
f 3404 3052 3405
f 3406 3405 3052
f 3406 3052 2087
f 2086 3407 3406
f 2086 3406 2087
f 2378 3408 3407
f 2378 3407 2086
f 2085 3409 3408
f 2085 3408 2378
f 3410 3409 2085
f 3410 2085 2078
f 3411 3410 2078
f 3411 2078 2415
f 2079 3412 3411
f 2079 3411 2415
f 3413 3412 2079
f 3413 2079 2080
f 3414 3413 2080
f 3414 2080 3095
f 3415 3414 3095
f 3415 3095 2081
f 3416 3415 2081
f 3416 2081 3008
f 3417 3416 3008
f 3417 3008 2082
f 3418 3417 2082
f 3418 2082 2921
f 3419 3418 2921
f 3419 2921 2083
f 3420 3419 2083
f 3420 2083 2792
f 3421 3420 2792
f 3421 2792 2084
f 3422 3421 2084
f 3422 2084 2101
f 3423 3422 2101
f 3423 2101 2100
f 3424 3423 2100
f 3424 2100 2099
f 3425 3424 2099
f 3425 2099 2098
f 3426 3425 2098
f 3426 2098 2097
f 3427 3426 2097
f 3427 2097 2493
f 3758 3759 3427
f 3758 3427 2493
f 3429 3428 1239
f 3429 1239 1207
f 3430 3429 1207
f 3430 1207 1043
f 3543 3544 3430
f 3543 3430 1043
f 3655 3656 3431
f 3655 3431 1066
f 3433 3432 1052
f 3433 1052 2221
f 2221 3329 3434
f 2221 3434 3433
f 3435 3434 3329
f 3435 3329 2228
f 3436 3435 2228
f 3436 2228 2169
f 2169 1069 3437
f 2169 3437 3436
f 3438 3651 3652
f 3438 3652 1068
f 3439 3539 3540
f 3439 3540 1017
f 1658 3440 3439
f 1658 3439 1017
f 3441 3440 1658
f 3441 1658 1646
f 3442 3441 1646
f 3442 1646 1634
f 3443 3442 1634
f 3443 1634 1622
f 3444 3443 1622
f 3444 1622 1610
f 3445 3444 1610
f 3445 1610 1382
f 1415 3446 3445
f 1415 3445 1382
f 1467 3447 3745
f 1467 3745 3746
f 3448 3447 1467
f 3448 1467 2797
f 3449 3448 2797
f 3449 2797 1738
f 3450 3449 1738
f 3450 1738 2916
f 3451 3450 2916
f 3451 2916 1728
f 3452 3451 1728
f 3452 1728 3003
f 3453 3452 3003
f 3453 3003 1781
f 3915 3916 3453
f 3915 3453 1781
f 3455 3454 1012
f 3455 1012 1790
f 3456 3455 1790
f 3456 1790 3090
f 3457 3456 3090
f 3457 3090 1758
f 3458 3457 1758
f 3458 1758 1748
f 3459 3458 1748
f 3459 1748 2411
f 2411 1007 3460
f 2411 3460 3459
f 1204 3461 3460
f 1204 3460 1007
f 957 3462 3461
f 957 3461 1204
f 958 3463 3462
f 958 3462 957
f 3464 3463 958
f 3464 958 1277
f 3465 3464 1277
f 3465 1277 1008
f 1008 2382 3466
f 1008 3466 3465
f 2382 1745 3467
f 2382 3467 3466
f 1745 1755 3468
f 1745 3468 3467
f 1755 3057 3469
f 1755 3469 3468
f 3470 3469 3057
f 3470 3057 1787
f 3470 1787 1014
f 3470 1014 3471
f 1014 1778 3472
f 1014 3472 3471
f 2970 3473 3472
f 2970 3472 1778
f 1725 3474 3473
f 1725 3473 2970
f 2883 3475 3474
f 2883 3474 1725
f 1735 3476 3475
f 1735 3475 2883
f 2830 3477 3476
f 2830 3476 1735
f 1464 3478 3477
f 1464 3477 2830
f 3478 1464 1412
f 3478 1412 3479
f 1389 3480 3479
f 1389 3479 1412
f 1605 3481 3480
f 1605 3480 1389
f 1617 3482 3481
f 1617 3481 1605
f 1629 3483 3482
f 1629 3482 1617
f 1641 3484 3483
f 1641 3483 1629
f 1653 3485 3484
f 1653 3484 1641
f 3486 3485 1653
f 3486 1653 1016
f 3603 3604 3486
f 3603 3486 1016
f 3705 3706 3487
f 3705 3487 1075
f 2224 3489 3488
f 2224 3488 1074
f 2226 3490 3489
f 2226 3489 2224
f 3386 3491 3490
f 3386 3490 2226
f 2223 3492 3491
f 2223 3491 3386
f 3493 3492 2223
f 3493 2223 1047
f 3494 3701 3702
f 3494 3702 1067
f 3495 3599 3600
f 3495 3600 1045
f 1280 3496 3495
f 1280 3495 1045
f 1044 3497 3496
f 1044 3496 1280
f 2490 3498 3817
f 2490 3817 3818
f 2092 3499 3498
f 2092 3498 2490
f 3500 3499 2092
f 3500 2092 2093
f 3501 3500 2093
f 3501 2093 2094
f 3502 3501 2094
f 3502 2094 2095
f 3503 3502 2095
f 3503 2095 2096
f 3504 3503 2096
f 3504 2096 2091
f 3505 3504 2091
f 3505 2091 2835
f 3506 3505 2835
f 3506 2835 2090
f 2878 3507 3506
f 2878 3506 2090
f 2089 3508 3507
f 2089 3507 2878
f 2965 3509 3508
f 2965 3508 2089
f 3404 3509 2965
f 3404 2965 2088
f 3510 915 3064
f 3510 3064 3511
f 3512 3511 3064
f 3512 3064 914
f 913 3513 3512
f 913 3512 914
f 2388 3514 3513
f 2388 3513 913
f 912 3515 3514
f 912 3514 2388
f 3516 3515 912
f 3516 912 911
f 3517 3516 911
f 3517 911 2405
f 910 3518 3517
f 910 3517 2405
f 3519 3518 910
f 3519 910 909
f 3083 3520 3519
f 3083 3519 909
f 908 3521 3520
f 908 3520 3083
f 2996 3522 3521
f 2996 3521 908
f 907 3523 3522
f 907 3522 2996
f 3524 3523 907
f 3524 907 2909
f 3525 3524 2909
f 3525 2909 906
f 2804 3526 3525
f 2804 3525 906
f 905 3527 3526
f 905 3526 2804
f 3528 3527 905
f 3528 905 919
f 925 3529 3528
f 925 3528 919
f 931 3530 3529
f 931 3529 925
f 937 3531 3530
f 937 3530 931
f 943 3532 3531
f 943 3531 937
f 3533 3532 943
f 3533 943 869
f 1199 3534 3533
f 1199 3533 869
f 1064 3535 3534
f 1064 3534 1199
f 3536 3535 1064
f 3536 1064 2353
f 3537 3536 2353
f 3537 2353 2577
f 3729 3730 3537
f 3729 3537 2577
f 1065 3438 3539
f 1065 3539 3538
f 3540 3539 3438
f 3540 3438 1068
f 2219 3541 3540
f 2219 3540 1068
f 2219 3327 3542
f 2219 3542 3541
f 3327 1066 3543
f 3327 3543 3542
f 1066 3431 3544
f 1066 3544 3543
f 3431 2171 3545
f 3431 3545 3544
f 3546 3545 2171
f 3546 2171 1070
f 1070 3333 3547
f 1070 3547 3546
f 3548 3547 3333
f 3548 3333 1057
f 1057 1058 3549
f 1057 3549 3548
f 1058 1213 3550
f 1058 3550 3549
f 1213 1243 3551
f 1213 3551 3550
f 2509 3552 3782
f 2509 3782 3783
f 1925 3553 3552
f 1925 3552 2509
f 1925 1926 3554
f 1925 3554 3553
f 1926 1927 3555
f 1926 3555 3554
f 1927 1928 3556
f 1927 3556 3555
f 1928 1929 3557
f 1928 3557 3556
f 1929 1930 3558
f 1929 3558 3557
f 1930 1931 3559
f 1930 3559 3558
f 1931 1932 3560
f 1931 3560 3559
f 3561 3560 1932
f 3561 1932 1933
f 3673 3674 3561
f 3673 3561 1933
f 3563 3562 1249
f 3563 1249 1219
f 3564 3563 1219
f 3564 1219 1104
f 3565 3564 1104
f 3565 1104 1103
f 3566 3565 1103
f 3566 1103 1106
f 1181 3567 3566
f 1181 3566 1106
f 1224 3568 3567
f 1224 3567 1181
f 2143 3569 3568
f 2143 3568 1224
f 2125 3570 3569
f 2125 3569 2143
f 2103 3571 3570
f 2103 3570 2125
f 2102 3572 3571
f 2102 3571 2103
f 3573 3572 2102
f 3573 2102 2118
f 3574 3573 2118
f 3574 2118 2134
f 3575 3574 2134
f 3575 2134 1107
f 3576 3575 1107
f 3576 1107 1254
f 3577 3576 1254
f 3577 1254 1108
f 3578 3577 1108
f 3578 1108 1109
f 3579 3578 1109
f 3579 1109 1110
f 1294 3580 3579
f 1294 3579 1110
f 1105 3581 3580
f 1105 3580 1294
f 3582 3683 3684
f 3582 3684 1938
f 1938 1937 3583
f 1938 3583 3582
f 1937 1965 3584
f 1937 3584 3583
f 1965 1966 3585
f 1965 3585 3584
f 1966 1967 3586
f 1966 3586 3585
f 1967 1968 3587
f 1967 3587 3586
f 1968 1969 3588
f 1968 3588 3587
f 1969 1970 3589
f 1969 3589 3588
f 1970 1939 3590
f 1970 3590 3589
f 3591 3590 1939
f 3591 1939 2524
f 3800 3801 3591
f 3800 3591 2524
f 3593 3592 1059
f 3593 1059 1288
f 3594 3593 1288
f 3594 1288 1060
f 1060 1061 3595
f 1060 3595 3594
f 1061 3382 3596
f 1061 3596 3595
f 3382 1073 3597
f 3382 3597 3596
f 2167 3598 3597
f 2167 3597 1073
f 2167 3494 3599
f 2167 3599 3598
f 3600 3599 3494
f 3600 3494 1067
f 1067 3388 3601
f 1067 3601 3600
f 3602 3601 3388
f 3602 3388 2202
f 3603 3602 2202
f 3603 2202 1075
f 1075 3487 3604
f 1075 3604 3603
f 3487 1062 3605
f 3487 3605 3604
f 3838 3839 2556
f 3838 2556 3606
f 2556 2350 3607
f 2556 3607 3606
f 1063 3608 3607
f 1063 3607 2350
f 1272 3609 3608
f 1272 3608 1063
f 870 3610 3609
f 870 3609 1272
f 946 3611 3610
f 946 3610 870
f 940 3612 3611
f 940 3611 946
f 934 3613 3612
f 934 3612 940
f 928 3614 3613
f 928 3613 934
f 922 3615 3614
f 922 3614 928
f 918 3616 3615
f 918 3615 922
f 3617 3616 918
f 3617 918 2823
f 3618 3617 2823
f 3618 2823 917
f 2890 3619 3618
f 2890 3618 917
f 3620 3619 2890
f 3620 2890 916
f 2977 3621 3620
f 2977 3620 916
f 3510 3621 2977
f 3510 2977 915
f 2342 3065 3623
f 2342 3623 3622
f 3065 2341 3624
f 3065 3624 3623
f 2341 2340 3625
f 2341 3625 3624
f 2340 2389 3626
f 2340 3626 3625
f 2389 2339 3627
f 2389 3627 3626
f 3628 3627 2339
f 3628 2339 2338
f 2338 2404 3629
f 2338 3629 3628
f 2404 2337 3630
f 2404 3630 3629
f 3631 3630 2337
f 3631 2337 2336
f 3082 3632 3631
f 3082 3631 2336
f 2335 3633 3632
f 2335 3632 3082
f 2335 2995 3634
f 2335 3634 3633
f 3635 3634 2995
f 3635 2995 2334
f 3636 3635 2334
f 3636 2334 2908
f 3637 3636 2908
f 3637 2908 2333
f 2805 3638 3637
f 2805 3637 2333
f 2332 3639 3638
f 2332 3638 2805
f 2332 2331 3640
f 2332 3640 3639
f 2331 2330 3641
f 2331 3641 3640
f 2330 2329 3642
f 2330 3642 3641
f 2329 2328 3643
f 2329 3643 3642
f 2328 2327 3644
f 2328 3644 3643
f 3645 3644 2327
f 3645 2327 2326
f 3646 3645 2326
f 3646 2326 2325
f 3647 3646 2325
f 3647 2325 2324
f 2355 3648 3647
f 2355 3647 2324
f 2355 2576 3649
f 2355 3649 3648
f 3727 3728 3649
f 3727 3649 2576
f 1051 3437 3651
f 1051 3651 3650
f 3652 3651 3437
f 3652 3437 1069
f 2220 3653 3652
f 2220 3652 1069
f 2220 3328 3654
f 2220 3654 3653
f 3328 1052 3655
f 3328 3655 3654
f 1052 3432 3656
f 1052 3656 3655
f 3432 2170 3657
f 3432 3657 3656
f 3658 3657 2170
f 3658 2170 1071
f 1071 3332 3659
f 1071 3659 3658
f 3660 3659 3332
f 3660 3332 1053
f 1053 1054 3661
f 1053 3661 3660
f 1054 1214 3662
f 1054 3662 3661
f 1214 1244 3663
f 1214 3663 3662
f 2510 3664 3784
f 2510 3784 3785
f 1368 3665 3664
f 1368 3664 2510
f 1368 1245 3666
f 1368 3666 3665
f 1245 1354 3667
f 1245 3667 3666
f 1354 1246 3668
f 1354 3668 3667
f 1246 1340 3669
f 1246 3669 3668
f 1340 1247 3670
f 1340 3670 3669
f 1247 1326 3671
f 1247 3671 3670
f 1326 1248 3672
f 1326 3672 3671
f 1248 1249 3673
f 1248 3673 3672
f 1249 3562 3674
f 1249 3674 3673
f 3562 1250 3675
f 3562 3675 3674
f 1250 1312 3676
f 1250 3676 3675
f 1312 1251 3677
f 1312 3677 3676
f 1251 3678 3677
f 1300 1133 3680
f 1133 1311 3681
f 1133 3681 3680
f 1311 1173 3682
f 1311 3682 3681
f 1173 3581 3683
f 1173 3683 3682
f 3684 3683 3581
f 3684 3581 1105
f 1105 1168 3685
f 1105 3685 3684
f 1168 1325 3686
f 1168 3686 3685
f 1325 1149 3687
f 1325 3687 3686
f 1149 1339 3688
f 1149 3688 3687
f 1339 1141 3689
f 1339 3689 3688
f 1141 1353 3690
f 1141 3690 3689
f 1353 1156 3691
f 1353 3691 3690
f 1156 1367 3692
f 1156 3692 3691
f 3693 3692 1367
f 3693 1367 2523
f 3798 3799 3693
f 3798 3693 2523
f 3695 3694 1055
f 3695 1055 1289
f 3696 3695 1289
f 3696 1289 1056
f 1056 1046 3697
f 1056 3697 3696
f 1046 3383 3698
f 1046 3698 3697
f 3383 1072 3699
f 3383 3699 3698
f 2168 3700 3699
f 2168 3699 1072
f 2168 3493 3701
f 2168 3701 3700
f 3702 3701 3493
f 3702 3493 1047
f 1047 3387 3703
f 1047 3703 3702
f 3704 3703 3387
f 3704 3387 2203
f 3705 3704 2203
f 3705 2203 1074
f 1074 3488 3706
f 1074 3706 3705
f 3488 1048 3707
f 3488 3707 3706
f 3840 3841 2557
f 3840 2557 3708
f 2557 2351 3709
f 2557 3709 3708
f 2323 3710 3709
f 2323 3709 2351
f 2322 3711 3710
f 2322 3710 2323
f 2321 3712 3711
f 2321 3711 2322
f 2320 3713 3712
f 2320 3712 2321
f 2320 2349 3714
f 2320 3714 3713
f 2349 2348 3715
f 2349 3715 3714
f 2348 2347 3716
f 2348 3716 3715
f 2347 2346 3717
f 2347 3717 3716
f 2345 3718 3717
f 2345 3717 2346
f 2345 2822 3719
f 2345 3719 3718
f 3720 3719 2822
f 3720 2822 2344
f 3721 3720 2344
f 3721 2344 2891
f 3722 3721 2891
f 3722 2891 2343
f 2978 3723 3722
f 2978 3722 2343
f 2342 3622 3723
f 2342 3723 2978
f 3725 3724 872
f 3725 872 1198
f 3726 3725 1198
f 3726 1198 1050
f 3727 3726 1050
f 3727 1050 1051
f 3650 3728 3727
f 3650 3727 1051
f 3729 3728 3650
f 3729 3650 1065
f 3538 3730 3729
f 3538 3729 1065
f 3731 3730 3538
f 3731 3538 1018
f 1019 3732 3731
f 1019 3731 1018
f 3733 3732 1019
f 3733 1019 1200
f 3734 3733 1200
f 3734 1200 868
f 868 948 3735
f 868 3735 3734
f 3736 3735 948
f 3736 948 942
f 3737 3736 942
f 3737 942 936
f 3738 3737 936
f 3738 936 930
f 3739 3738 930
f 3739 930 924
f 3740 3739 924
f 3740 924 879
f 880 3741 3740
f 880 3740 879
f 3742 3741 880
f 3742 880 1408
f 3743 3742 1408
f 3743 1408 1407
f 3744 3743 1407
f 3744 1407 1406
f 3745 3744 1406
f 3745 1406 3446
f 3746 3745 3446
f 3746 3446 1415
f 3747 3746 1415
f 3747 1415 1414
f 3748 3747 1414
f 3748 1414 968
f 3749 3748 968
f 3749 968 969
f 3750 3749 969
f 3750 969 1608
f 3751 3750 1608
f 3751 1608 1620
f 3752 3751 1620
f 3752 1620 1632
f 3753 3752 1632
f 3753 1632 1644
f 3754 3753 1644
f 3754 1644 1656
f 961 3755 3754
f 961 3754 1656
f 2216 3756 3755
f 2216 3755 961
f 3324 3757 3756
f 3324 3756 2216
f 3758 3757 3324
f 3758 3324 1239
f 3428 3759 3758
f 3428 3758 1239
f 3760 3759 3428
f 3760 3428 2174
f 3761 3760 2174
f 3761 2174 966
f 3762 3761 966
f 3762 966 1548
f 1548 1534 3763
f 1548 3763 3762
f 1534 1520 3764
f 1534 3764 3763
f 1520 1506 3765
f 1520 3765 3764
f 1506 1492 3766
f 1506 3766 3765
f 1492 977 975
f 1492 975 3766
f 974 3767 975
f 974 975 977
f 3768 3767 974
f 3768 974 1437
f 3769 3768 1437
f 3769 1437 1436
f 3770 3769 1436
f 3770 1436 3341
f 3771 3770 3341
f 3771 3341 1435
f 3772 3771 1435
f 3772 1435 1434
f 3773 3772 1434
f 3773 1434 1433
f 3774 3773 1433
f 3774 1433 1432
f 3775 3774 1432
f 3775 1432 1446
f 3776 3775 1446
f 3776 1446 1486
f 3777 3776 1486
f 3777 1486 1500
f 3778 3777 1500
f 3778 1500 1514
f 3779 3778 1514
f 3779 1514 1528
f 3780 3779 1528
f 3780 1528 1542
f 3781 3780 1542
f 3781 1542 1242
f 3782 3781 1242
f 3782 1242 3551
f 3783 3782 3551
f 3783 3551 1243
f 3784 3783 1243
f 3784 1243 3663
f 3785 3784 3663
f 3785 3663 1244
f 3786 3785 1244
f 3786 1244 1214
f 3787 3786 1214
f 3787 1214 1054
f 3788 3787 1054
f 3788 1054 1111
f 3789 3788 1111
f 3789 1111 1112
f 3790 3789 1112
f 3790 1112 1186
f 3791 3790 1186
f 3791 1186 1229
f 1229 1113 3792
f 1229 3792 3791
f 3793 3792 1113
f 3793 1113 1259
f 3794 3793 1259
f 3794 1259 1114
f 3795 3794 1114
f 3795 1114 1115
f 3796 3795 1115
f 3796 1115 1056
f 3797 3796 1056
f 3797 1056 1289
f 3798 3797 1289
f 3798 1289 1055
f 3694 3799 3798
f 3694 3798 1055
f 3800 3799 3694
f 3800 3694 1059
f 3592 3801 3800
f 3592 3800 1059
f 3802 3801 3592
f 3802 3592 1034
f 1034 1555 3803
f 1034 3803 3802
f 3804 3803 1555
f 3804 1555 1541
f 3805 3804 1541
f 3805 1541 1527
f 3806 3805 1527
f 3806 1527 1513
f 3807 3806 1513
f 3807 1513 1499
f 3808 3807 1499
f 3808 1499 1445
f 976 1493 3810
f 976 3810 3809
f 1493 1507 3811
f 1493 3811 3810
f 1507 1521 3812
f 1507 3812 3811
f 1521 1535 3813
f 1521 3813 3812
f 1535 1549 3814
f 1535 3814 3813
f 965 3815 3814
f 965 3814 1549
f 2164 3816 3815
f 2164 3815 965
f 3817 3816 2164
f 3817 2164 3497
f 3818 3817 3497
f 3818 3497 1044
f 3819 3818 1044
f 3819 1044 3391
f 3820 3819 3391
f 3820 3391 2199
f 3821 3820 2199
f 3821 2199 962
f 3822 3821 962
f 3822 962 1655
f 1643 3823 3822
f 1643 3822 1655
f 1631 3824 3823
f 1631 3823 1643
f 1619 3825 3824
f 1619 3824 1631
f 1607 3826 3825
f 1607 3825 1619
f 970 3827 3826
f 970 3826 1607
f 3829 3828 878
f 3829 878 923
f 3830 3829 923
f 3830 923 929
f 3831 3830 929
f 3831 929 935
f 3832 3831 935
f 3832 935 941
f 3833 3832 941
f 3833 941 947
f 3834 3833 947
f 3834 947 867
f 3835 3834 867
f 3835 867 1273
f 3836 3835 1273
f 3836 1273 1020
f 3837 3836 1020
f 3837 1020 1021
f 3605 3838 3837
f 3605 3837 1021
f 1062 3839 3838
f 1062 3838 3605
f 3707 3840 3839
f 3707 3839 1062
f 1048 3841 3840
f 1048 3840 3707
f 1049 3842 3841
f 1049 3841 1048
f 1271 3843 3842
f 1271 3842 1049
f 871 3844 3843
f 871 3843 1271
f 871 945 3845
f 871 3845 3844
f 939 3846 3845
f 939 3845 945
f 933 3847 3846
f 933 3846 939
f 927 3848 3847
f 927 3847 933
f 921 3849 3848
f 921 3848 927
f 883 3850 3849
f 883 3849 921
f 920 3852 3851
f 920 3851 882
f 926 3853 3852
f 926 3852 920
f 932 3854 3853
f 932 3853 926
f 938 3855 3854
f 938 3854 932
f 944 3856 3855
f 944 3855 938
f 3724 3856 944
f 3724 944 872
f 2598 967 999
f 2598 999 3857
f 999 2962 3858
f 999 3858 3857
f 3859 3858 2962
f 3859 2962 980
f 980 2875 3860
f 980 3860 3859
f 3861 3860 2875
f 3861 2875 984
f 984 2838 3862
f 984 3862 3861
f 2838 972 3809
f 2838 3809 3862
f 976 3809 972
f 976 972 973
f 1431 1457 3808
f 1431 3808 1445
f 3863 3808 1457
f 3863 1457 2844
f 3864 3863 2844
f 3864 2844 1579
f 2869 3865 3864
f 2869 3864 1579
f 3866 3865 2869
f 3866 2869 1567
f 2956 3867 3866
f 2956 3866 1567
f 1776 3867 2956
f 1776 2956 2623
f 3869 3868 951
f 3869 951 2974
f 3870 3869 2974
f 3870 2974 892
f 892 2887 3871
f 892 3871 3870
f 3872 3871 2887
f 3872 2887 896
f 896 2826 3873
f 896 3873 3872
f 2826 888 3828
f 2826 3828 3873
f 878 3828 888
f 878 888 877
f 971 978 3827
f 971 3827 970
f 2832 3874 3827
f 2832 3827 978
f 985 3875 3874
f 985 3874 2832
f 2881 3876 3875
f 2881 3875 985
f 981 3877 3876
f 981 3876 2881
f 2968 3878 3877
f 2968 3877 981
f 3879 3878 2968
f 3879 2968 996
f 884 885 3850
f 884 3850 883
f 3880 3850 885
f 3880 885 2820
f 3881 3880 2820
f 3881 2820 893
f 2893 3882 3881
f 2893 3881 893
f 3883 3882 2893
f 3883 2893 889
f 2980 3884 3883
f 2980 3883 889
f 950 3885 3884
f 950 3884 2980
f 949 3886 953
f 949 953 875
f 3887 3886 949
f 3887 949 2993
f 3888 3887 2993
f 3888 2993 890
f 3889 3888 890
f 3889 890 2906
f 3890 3889 2906
f 3890 2906 894
f 2807 3891 3890
f 2807 3890 894
f 886 3851 3891
f 886 3891 2807
f 3851 886 881
f 3851 881 882
f 3080 3893 3892
f 3080 3892 903
f 953 3886 3893
f 953 3893 3080
f 876 954 3885
f 876 3885 950
f 3067 3894 3885
f 3067 3885 954
f 902 3895 3894
f 902 3894 3067
f 899 3896 3895
f 899 3895 902
f 2390 3897 3896
f 2390 3896 899
f 874 3898 3897
f 874 3897 2390
f 3899 3898 874
f 3899 874 873
f 3900 3899 873
f 3900 873 2403
f 898 3901 3900
f 898 3900 2403
f 3892 3901 898
f 3892 898 903
f 960 1000 3879
f 960 3879 996
f 3055 3902 3879
f 3055 3879 1000
f 995 3903 3902
f 995 3902 3055
f 988 3904 3903
f 988 3903 995
f 2380 3905 3904
f 2380 3904 988
f 958 3906 3905
f 958 3905 2380
f 3907 3906 958
f 3907 958 957
f 3908 3907 957
f 3908 957 2413
f 991 3909 3908
f 991 3908 2413
f 3910 3909 991
f 3910 991 992
f 3911 3910 992
f 3911 992 3092
f 3912 3911 3092
f 3912 3092 1001
f 959 3913 3912
f 959 3912 1001
f 3914 3913 959
f 3914 959 1205
f 3915 3914 1205
f 3915 1205 1012
f 3454 3916 3915
f 3454 3915 1012
f 3917 3916 3454
f 3917 3454 1013
f 3918 3917 1013
f 3918 1013 1015
f 3919 3918 1015
f 3919 1015 1201
f 3920 3919 1201
f 3920 1201 866
f 3921 3920 866
f 3921 866 956
f 3086 3922 3921
f 3086 3921 956
f 3923 3922 3086
f 3923 3086 904
f 897 3924 3923
f 897 3923 904
f 3925 3924 897
f 3925 897 2407
f 3926 3925 2407
f 3926 2407 864
f 864 863 3927
f 864 3927 3926
f 3928 3927 863
f 3928 863 2386
f 3929 3928 2386
f 3929 2386 900
f 3930 3929 900
f 3930 900 901
f 3931 3930 901
f 3931 901 3061
f 3868 3931 3061
f 3868 3061 955
f 951 3868 955
f 951 955 865
f 3050 3932 3857
f 3050 3857 2597
f 3933 3932 3050
f 3933 3050 2604
f 3934 3933 2604
f 3934 2604 2605
f 3935 3934 2605
f 3935 2605 2606
f 3936 3935 2606
f 3936 2606 2607
f 3937 3936 2607
f 3937 2607 2608
f 3938 3937 2608
f 3938 2608 2609
f 3939 3938 2609
f 3939 2609 2610
f 3940 3939 2610
f 3940 2610 2611
f 3941 3940 2611
f 3941 2611 3097
f 998 3941 3097
f 998 3097 2612
f 1420 1397 1396
f 1420 1396 1419
f 3942 3043 1776
f 2623 3943 3942
f 2623 3942 1776
